idUser,Gender,Age,FamilyCount,MemberYN
U10001,咯己,26,2,Y
U10002,巢己,61,2,Y
U10003,咯己,34,2,Y
U10004,巢己,26,1,N
U10005,咯己,33,3,Y
U10006,巢己,37,1,N
U10007,巢己,29,3,N
U10008,巢己,24,1,Y
U10009,咯己,21,1,Y
U10010,咯己,44,3,Y
U10011,咯己,54,2,N
U10012,咯己,21,2,Y
U10013,咯己,34,3,N
U10014,巢己,37,1,Y
U10015,咯己,36,2,N
U10016,咯己,34,2,Y
U10017,巢己,22,0,N
U10018,巢己,44,2,N
U10019,巢己,31,2,Y
U10020,咯己,49,2,N
U10021,咯己,32,3,Y
U10022,巢己,41,1,N
U10023,巢己,22,0,Y
U10024,咯己,21,1,Y
U10025,咯己,33,1,Y
U10026,巢己,25,1,Y
U10027,巢己,34,1,N
U10028,咯己,38,2,Y
U10029,咯己,40,2,Y
U10030,咯己,31,3,N
U10031,咯己,43,3,Y
U10032,咯己,36,3,Y
U10033,巢己,38,2,N
U10034,咯己,31,1,Y
U10035,咯己,38,2,Y
U10036,咯己,37,3,Y
U10037,咯己,34,1,Y
U10038,巢己,32,0,Y
U10039,巢己,27,3,N
U10040,咯己,32,2,N
U10041,咯己,29,3,Y
U10042,咯己,38,3,Y
U10043,咯己,28,0,Y
U10044,巢己,47,1,N
U10045,巢己,47,3,Y
U10046,巢己,34,1,Y
U10047,巢己,55,0,Y
U10048,咯己,57,1,Y
U10049,巢己,26,2,N
U10050,巢己,35,1,Y
U10051,咯己,34,2,Y
U10052,巢己,23,0,N
U10053,巢己,35,1,Y
U10054,咯己,37,0,Y
U10055,巢己,38,1,Y
U10056,咯己,27,3,Y
U10057,咯己,36,1,Y
U10058,咯己,49,3,N
U10059,巢己,38,2,Y
U10060,咯己,50,2,Y
U10061,咯己,69,2,Y
U10062,巢己,27,2,N
U10063,巢己,52,1,Y
U10064,巢己,34,1,Y
U10065,巢己,52,0,Y
U10066,巢己,37,3,N
U10067,咯己,68,0,Y
U10068,咯己,28,3,Y
U10069,咯己,46,2,Y
U10070,咯己,29,3,N
U10071,咯己,33,1,Y
U10072,巢己,35,1,Y
U10073,咯己,33,1,Y
U10074,咯己,33,0,Y
U10075,咯己,28,0,N
U10076,咯己,21,2,Y
U10077,巢己,32,0,Y
U10078,咯己,38,2,N
U10079,咯己,38,2,Y
U10080,咯己,26,2,Y
U10081,咯己,44,2,N
U10082,咯己,57,0,Y
U10083,咯己,69,1,Y
U10084,巢己,54,2,N
U10085,巢己,39,2,N
U10086,巢己,22,0,Y
U10087,咯己,21,0,Y
U10088,巢己,29,1,N
U10089,巢己,37,1,N
U10090,咯己,52,2,Y
U10091,咯己,33,3,Y
U10092,咯己,25,2,Y
U10093,巢己,50,3,N
U10094,咯己,22,1,Y
U10095,咯己,29,1,Y
U10096,巢己,68,1,N
U10097,咯己,23,0,Y
U10098,巢己,47,1,Y
U10099,咯己,26,3,Y
U10100,咯己,56,2,Y
U10101,咯己,32,1,Y
U10102,咯己,22,0,Y
U10103,巢己,31,2,Y
U10104,咯己,61,0,N
U10105,咯己,38,0,N
U10106,咯己,38,1,Y
U10107,巢己,42,2,Y
U10108,巢己,29,2,Y
U10109,咯己,48,2,Y
U10110,巢己,42,2,Y
U10111,咯己,52,3,Y
U10112,巢己,30,2,Y
U10113,咯己,44,2,Y
U10114,咯己,48,3,Y
U10115,巢己,31,2,Y
U10116,咯己,59,2,N
U10117,咯己,28,1,Y
U10118,咯己,37,2,Y
U10119,咯己,30,3,Y
U10120,咯己,37,2,Y
U10121,咯己,35,2,Y
U10122,咯己,38,3,Y
U10123,巢己,40,3,N
U10124,巢己,38,1,N
U10125,咯己,21,1,Y
U10126,巢己,38,1,Y
U10127,咯己,38,2,Y
U10128,巢己,49,1,Y
U10129,咯己,35,2,Y
U10130,咯己,31,2,Y
U10131,巢己,37,2,N
U10132,巢己,37,3,N
U10133,咯己,23,2,Y
U10134,咯己,49,3,Y
U10135,咯己,58,0,Y
U10136,咯己,29,2,Y
U10137,咯己,38,1,Y
U10138,咯己,28,1,Y
U10139,咯己,26,2,Y
U10140,咯己,30,2,Y
U10141,咯己,39,2,Y
U10142,咯己,30,3,N
U10143,巢己,44,1,Y
U10144,巢己,35,2,Y
U10145,咯己,37,0,Y
U10146,巢己,38,1,Y
U10147,巢己,58,2,Y
U10148,咯己,44,3,Y
U10149,巢己,26,2,Y
U10150,咯己,67,0,N
U10151,咯己,62,1,Y
U10152,巢己,53,2,N
U10153,巢己,32,1,Y
U10154,咯己,21,0,Y
U10155,咯己,46,2,Y
U10156,咯己,47,2,Y
U10157,巢己,35,2,N
U10158,咯己,29,2,N
U10159,巢己,38,2,Y
U10160,咯己,30,1,Y
U10161,咯己,35,3,Y
U10162,咯己,44,2,Y
U10163,咯己,51,2,Y
U10164,巢己,37,3,Y
U10165,咯己,45,2,Y
U10166,咯己,23,0,Y
U10167,巢己,24,2,N
U10168,巢己,30,3,Y
U10169,咯己,36,2,N
U10170,咯己,45,3,Y
U10171,咯己,32,2,Y
U10172,巢己,41,2,N
U10173,咯己,57,1,Y
U10174,咯己,51,3,Y
U10175,巢己,56,2,N
U10176,咯己,33,2,Y
U10177,咯己,37,2,N
U10178,咯己,29,0,Y
U10179,咯己,31,3,Y
U10180,咯己,29,1,N
U10181,巢己,23,0,Y
U10182,巢己,29,0,Y
U10183,咯己,29,1,N
U10184,咯己,32,0,N
U10185,咯己,34,0,N
U10186,咯己,39,2,Y
U10187,咯己,31,2,Y
U10188,咯己,43,2,Y
U10189,巢己,46,2,N
U10190,咯己,31,1,Y
U10191,咯己,27,2,Y
U10192,巢己,59,2,N
U10193,咯己,32,2,Y
U10194,咯己,37,1,Y
U10195,咯己,35,2,Y
U10196,咯己,39,2,Y
U10197,咯己,52,3,N
U10198,咯己,68,2,Y
U10199,咯己,38,1,Y
U10200,巢己,32,0,N
U10201,咯己,37,1,Y
U10202,咯己,33,1,Y
U10203,咯己,33,1,Y
U10204,巢己,28,2,N
U10205,巢己,31,0,Y
U10206,咯己,37,2,Y
U10207,咯己,31,2,Y
U10208,咯己,35,2,Y
U10209,咯己,38,3,Y
U10210,咯己,40,2,Y
U10211,巢己,24,2,Y
U10212,巢己,54,1,N
U10213,咯己,44,2,Y
U10214,巢己,26,0,Y
U10215,咯己,29,3,Y
U10216,咯己,44,3,Y
U10217,咯己,34,1,Y
U10218,巢己,24,2,Y
U10219,咯己,32,0,Y
U10220,咯己,44,2,Y
U10221,咯己,49,3,Y
U10222,咯己,58,0,Y
U10223,巢己,35,1,N
U10224,咯己,33,1,Y
U10225,咯己,50,0,Y
U10226,咯己,28,2,Y
U10227,咯己,27,1,Y
U10228,咯己,28,3,Y
U10229,咯己,31,2,N
U10230,咯己,23,1,Y
U10231,巢己,39,3,Y
U10232,巢己,59,1,Y
U10233,咯己,56,1,Y
U10234,咯己,25,0,Y
U10235,咯己,44,2,Y
U10236,咯己,53,1,Y
U10237,巢己,36,1,Y
U10238,咯己,36,3,Y
U10239,巢己,22,0,Y
U10240,巢己,50,0,Y
U10241,咯己,22,2,N
U10242,咯己,34,1,Y
U10243,咯己,35,1,N
U10244,咯己,28,1,Y
U10245,咯己,39,2,Y
U10246,巢己,37,2,Y
U10247,咯己,44,2,Y
U10248,咯己,34,2,N
U10249,咯己,38,1,Y
U10250,巢己,36,1,Y
U10251,巢己,34,2,Y
U10252,咯己,24,1,Y
U10253,咯己,52,3,Y
U10254,巢己,34,2,N
U10255,咯己,37,2,Y
U10256,巢己,32,0,N
U10257,巢己,34,1,Y
U10258,咯己,29,3,Y
U10259,咯己,36,2,Y
U10260,巢己,22,0,Y
U10261,咯己,33,2,Y
U10262,巢己,36,1,N
U10263,巢己,41,1,Y
U10264,咯己,46,3,Y
U10265,咯己,54,1,Y
U10266,巢己,39,2,Y
U10267,巢己,25,2,Y
U10268,咯己,46,1,Y
U10269,咯己,26,3,Y
U10270,咯己,37,3,Y
U10271,咯己,44,3,Y
U10272,咯己,29,2,N
U10273,咯己,22,0,Y
U10274,巢己,32,1,Y
U10275,咯己,41,0,Y
U10276,咯己,59,2,Y
U10277,咯己,44,3,Y
U10278,巢己,25,1,N
U10279,咯己,23,0,Y
U10280,咯己,48,2,Y
U10281,巢己,28,2,N
U10282,巢己,27,2,Y
U10283,咯己,51,1,Y
U10284,咯己,23,0,Y
U10285,巢己,27,3,N
U10286,咯己,22,1,Y
U10287,咯己,68,1,N
U10288,咯己,21,0,Y
U10289,巢己,30,2,Y
U10290,巢己,22,1,Y
U10291,咯己,42,2,Y
U10292,咯己,32,1,Y
U10293,巢己,61,2,Y
U10294,巢己,44,2,Y
U10295,咯己,29,1,Y
U10296,咯己,27,1,Y
U10297,咯己,47,2,Y
U10298,咯己,33,0,Y
U10299,巢己,22,2,N
U10300,巢己,39,2,Y
U10301,咯己,23,2,Y
U10302,巢己,50,3,N
U10303,咯己,30,1,Y
U10304,咯己,62,0,Y
U10305,咯己,41,2,Y
U10306,巢己,45,1,Y
U10307,巢己,35,2,Y
U10308,巢己,34,1,N
U10309,咯己,30,2,Y
U10310,咯己,35,2,Y
U10311,巢己,38,3,Y
U10312,咯己,47,2,Y
U10313,巢己,67,2,N
U10314,咯己,37,0,Y
U10315,巢己,36,2,Y
U10316,咯己,34,0,Y
U10317,咯己,57,1,Y
U10318,巢己,22,0,N
U10319,咯己,31,3,Y
U10320,咯己,40,1,Y
U10321,巢己,34,2,N
U10322,咯己,32,0,Y
U10323,巢己,27,1,Y
U10324,巢己,55,1,N
U10325,巢己,28,3,Y
U10326,巢己,22,3,N
U10327,咯己,31,1,Y
U10328,咯己,44,3,N
U10329,巢己,34,1,N
U10330,咯己,55,1,N
U10331,巢己,43,2,Y
U10332,咯己,34,0,Y
U10333,咯己,22,2,N
U10334,咯己,34,1,N
U10335,咯己,23,2,N
U10336,咯己,31,0,N
U10337,巢己,39,3,Y
U10338,咯己,30,3,Y
U10339,咯己,38,3,Y
U10340,巢己,25,3,Y
U10341,咯己,37,0,Y
U10342,巢己,31,2,N
U10343,巢己,23,2,Y
U10344,咯己,33,1,Y
U10345,咯己,38,0,Y
U10346,咯己,30,1,Y
U10347,咯己,23,1,Y
U10348,咯己,37,2,Y
U10349,巢己,37,1,Y
U10350,咯己,49,2,Y
U10351,巢己,44,2,Y
U10352,咯己,44,1,Y
U10353,咯己,47,2,Y
U10354,巢己,29,2,Y
U10355,咯己,59,1,Y
U10356,咯己,32,0,Y
U10357,巢己,39,3,Y
U10358,巢己,27,2,N
U10359,巢己,42,1,N
U10360,咯己,45,3,Y
U10361,咯己,37,2,Y
U10362,咯己,22,3,Y
U10363,咯己,46,3,Y
U10364,咯己,45,2,Y
U10365,咯己,45,3,Y
U10366,巢己,29,2,N
U10367,巢己,37,3,N
U10368,巢己,26,1,Y
U10369,咯己,58,2,Y
U10370,巢己,37,1,Y
U10371,咯己,24,1,Y
U10372,咯己,35,3,Y
U10373,巢己,37,3,Y
U10374,咯己,28,2,Y
U10375,巢己,37,1,Y
U10376,巢己,30,1,N
U10377,巢己,66,2,N
U10378,咯己,22,2,Y
U10379,咯己,43,3,Y
U10380,巢己,27,0,Y
U10381,巢己,28,0,Y
U10382,巢己,38,2,N
U10383,咯己,26,0,Y
U10384,巢己,28,3,Y
U10385,巢己,30,2,N
U10386,咯己,24,3,Y
U10387,巢己,25,3,N
U10388,巢己,51,3,Y
U10389,咯己,24,0,Y
U10390,咯己,30,3,Y
U10391,咯己,26,2,Y
U10392,巢己,55,0,Y
U10393,咯己,60,2,Y
U10394,巢己,27,0,N
U10395,巢己,25,1,Y
U10396,咯己,21,0,N
U10397,咯己,36,2,N
U10398,巢己,34,1,N
U10399,咯己,24,0,Y
U10400,咯己,52,0,Y
U10401,巢己,25,1,Y
U10402,咯己,24,1,Y
U10403,巢己,40,3,Y
U10404,咯己,32,2,Y
U10405,咯己,34,0,N
U10406,咯己,26,0,Y
U10407,咯己,31,3,Y
U10408,咯己,24,3,Y
U10409,巢己,31,2,Y
U10410,巢己,23,3,Y
U10411,咯己,47,2,Y
U10412,咯己,52,3,Y
U10413,咯己,47,2,Y
U10414,巢己,31,1,Y
U10415,咯己,21,2,Y
U10416,巢己,24,2,Y
U10417,巢己,34,1,N
U10418,咯己,63,0,Y
U10419,巢己,53,1,Y
U10420,咯己,51,3,Y
U10421,咯己,43,2,Y
U10422,咯己,66,1,Y
U10423,咯己,36,3,Y
U10424,巢己,49,2,N
U10425,咯己,29,2,Y
U10426,咯己,30,0,Y
U10427,巢己,38,1,N
U10428,咯己,27,3,Y
U10429,咯己,43,3,Y
U10430,咯己,61,1,Y
U10431,巢己,29,2,Y
U10432,咯己,52,2,Y
U10433,咯己,33,3,Y
U10434,巢己,35,1,Y
U10435,巢己,26,0,N
U10436,巢己,35,1,Y
U10437,咯己,21,1,N
U10438,巢己,29,2,N
U10439,巢己,38,3,N
U10440,巢己,33,0,Y
U10441,咯己,21,2,Y
U10442,咯己,28,2,Y
U10443,咯己,34,2,Y
U10444,巢己,39,2,Y
U10445,巢己,33,2,Y
U10446,咯己,26,1,N
U10447,咯己,28,1,Y
U10448,咯己,34,2,Y
U10449,巢己,31,0,N
U10450,咯己,29,2,Y
U10451,咯己,38,2,Y
U10452,巢己,32,0,N
U10453,咯己,46,2,N
U10454,咯己,50,3,Y
U10455,咯己,24,0,Y
U10456,巢己,34,1,Y
U10457,巢己,32,2,N
U10458,咯己,38,2,Y
U10459,咯己,34,0,N
U10460,咯己,27,2,N
U10461,咯己,23,0,Y
U10462,巢己,28,1,Y
U10463,咯己,49,3,Y
U10464,咯己,27,3,Y
U10465,巢己,35,2,N
U10466,巢己,40,2,Y
U10467,咯己,58,1,Y
U10468,咯己,24,1,Y
U10469,咯己,23,2,Y
U10470,巢己,35,1,Y
U10471,巢己,26,2,Y
U10472,巢己,55,1,N
U10473,巢己,34,1,N
U10474,巢己,39,1,Y
U10475,巢己,52,1,N
U10476,巢己,39,1,N
U10477,巢己,30,2,Y
U10478,巢己,38,0,Y
U10479,咯己,26,0,Y
U10480,巢己,56,1,Y
U10481,巢己,33,2,Y
U10482,巢己,39,2,Y
U10483,巢己,34,0,Y
U10484,巢己,33,2,Y
U10485,咯己,38,3,Y
U10486,咯己,23,2,Y
U10487,咯己,33,2,Y
U10488,咯己,27,2,N
U10489,巢己,42,0,Y
U10490,巢己,43,1,Y
U10491,咯己,40,2,N
U10492,咯己,51,2,Y
U10493,咯己,22,1,Y
U10494,咯己,27,1,N
U10495,咯己,34,0,Y
U10496,咯己,49,3,Y
U10497,巢己,35,0,Y
U10498,咯己,28,0,N
U10499,巢己,37,2,N
U10500,巢己,36,2,N
U10501,咯己,26,3,Y
U10502,咯己,29,2,Y
U10503,咯己,63,2,Y
U10504,咯己,29,0,Y
U10505,咯己,60,1,N
U10506,巢己,37,2,N
U10507,咯己,38,3,Y
U10508,咯己,55,2,Y
U10509,咯己,38,3,Y
U10510,巢己,43,3,Y
U10511,咯己,52,3,Y
U10512,巢己,45,3,Y
U10513,巢己,57,2,N
U10514,咯己,50,2,Y
U10515,咯己,26,0,Y
U10516,咯己,43,3,Y
U10517,咯己,37,2,Y
U10518,咯己,30,0,Y
U10519,巢己,27,3,Y
U10520,巢己,39,2,N
U10521,巢己,44,1,N
U10522,咯己,35,2,Y
U10523,巢己,32,2,Y
U10524,咯己,24,0,Y
U10525,巢己,36,0,Y
U10526,巢己,26,1,Y
U10527,咯己,41,1,Y
U10528,咯己,47,3,Y
U10529,咯己,21,2,Y
U10530,巢己,49,2,Y
U10531,咯己,59,1,Y
U10532,咯己,31,1,Y
U10533,咯己,63,1,Y
U10534,咯己,24,3,Y
U10535,巢己,36,1,Y
U10536,咯己,25,2,Y
U10537,巢己,26,0,N
U10538,咯己,29,1,Y
U10539,咯己,42,3,Y
U10540,巢己,40,1,Y
U10541,咯己,39,2,Y
U10542,咯己,34,2,Y
U10543,咯己,26,2,Y
U10544,咯己,50,3,N
U10545,巢己,30,0,N
U10546,咯己,38,3,Y
U10547,咯己,37,2,Y
U10548,咯己,39,2,Y
U10549,咯己,31,0,N
U10550,咯己,37,0,N
U10551,咯己,64,0,Y
U10552,咯己,63,0,N
U10553,咯己,22,2,N
U10554,咯己,30,2,N
U10555,咯己,58,1,Y
U10556,巢己,35,0,N
U10557,咯己,52,3,Y
U10558,咯己,53,1,Y
U10559,巢己,28,1,Y
U10560,咯己,30,1,Y
U10561,咯己,67,2,N
U10562,巢己,24,2,Y
U10563,巢己,27,3,Y
U10564,咯己,36,2,Y
U10565,巢己,56,3,Y
U10566,巢己,35,0,N
U10567,咯己,57,1,Y
U10568,咯己,46,2,Y
U10569,咯己,29,1,N
U10570,巢己,36,2,Y
U10571,咯己,49,2,N
U10572,咯己,23,2,Y
U10573,咯己,27,1,Y
U10574,咯己,45,3,Y
U10575,咯己,26,2,Y
U10576,巢己,25,0,N
U10577,咯己,64,2,Y
U10578,咯己,44,2,Y
U10579,咯己,22,2,N
U10580,咯己,30,0,N
U10581,咯己,26,2,Y
U10582,咯己,34,1,Y
U10583,咯己,26,2,Y
U10584,巢己,47,3,N
U10585,咯己,50,2,Y
U10586,咯己,50,2,Y
U10587,咯己,37,3,N
U10588,巢己,38,0,N
U10589,咯己,35,3,Y
U10590,巢己,24,1,Y
U10591,咯己,25,1,Y
U10592,巢己,35,2,N
U10593,咯己,44,3,Y
U10594,巢己,46,2,Y
U10595,巢己,24,0,N
U10596,咯己,29,1,Y
U10597,巢己,42,3,N
U10598,咯己,26,2,Y
U10599,咯己,22,2,N
U10600,咯己,21,3,N
U10601,巢己,24,0,Y
U10602,咯己,43,2,Y
U10603,咯己,24,1,N
U10604,咯己,31,1,Y
U10605,咯己,34,2,Y
U10606,咯己,27,2,Y
U10607,巢己,50,2,Y
U10608,咯己,38,2,Y
U10609,咯己,37,3,Y
U10610,咯己,45,2,Y
U10611,咯己,49,3,Y
U10612,巢己,47,2,Y
U10613,咯己,31,3,Y
U10614,咯己,69,0,Y
U10615,咯己,38,3,Y
U10616,咯己,31,2,N
U10617,咯己,59,1,Y
U10618,咯己,29,1,N
U10619,巢己,31,1,N
U10620,咯己,22,1,Y
U10621,巢己,30,1,Y
U10622,巢己,22,2,Y
U10623,咯己,41,2,N
U10624,咯己,24,0,Y
U10625,咯己,59,2,N
U10626,咯己,45,3,Y
U10627,巢己,28,0,Y
U10628,巢己,34,1,Y
U10629,咯己,25,2,N
U10630,巢己,36,1,Y
U10631,巢己,33,1,Y
U10632,咯己,32,2,Y
U10633,巢己,25,2,Y
U10634,巢己,32,2,N
U10635,巢己,24,3,N
U10636,巢己,26,2,Y
U10637,巢己,37,2,N
U10638,巢己,39,3,Y
U10639,咯己,21,2,Y
U10640,巢己,22,2,N
U10641,咯己,43,3,Y
U10642,巢己,35,1,N
U10643,咯己,33,3,Y
U10644,咯己,23,2,N
U10645,咯己,36,3,Y
U10646,咯己,50,2,Y
U10647,咯己,46,1,Y
U10648,巢己,42,0,N
U10649,咯己,22,2,Y
U10650,咯己,36,2,Y
U10651,巢己,39,2,Y
U10652,巢己,33,0,N
U10653,咯己,21,3,Y
U10654,咯己,22,2,Y
U10655,巢己,31,2,Y
U10656,咯己,41,1,Y
U10657,巢己,55,1,Y
U10658,巢己,54,1,Y
U10659,咯己,34,2,Y
U10660,巢己,51,3,N
U10661,咯己,41,3,Y
U10662,巢己,32,1,Y
U10663,巢己,36,0,Y
U10664,巢己,37,2,Y
U10665,巢己,38,1,N
U10666,咯己,24,3,Y
U10667,巢己,23,0,Y
U10668,巢己,36,2,N
U10669,咯己,56,1,Y
U10670,巢己,31,1,N
U10671,巢己,24,0,N
U10672,咯己,36,3,Y
U10673,咯己,25,3,Y
U10674,咯己,26,0,Y
U10675,咯己,44,2,Y
U10676,巢己,30,3,Y
U10677,咯己,41,2,N
U10678,咯己,28,2,Y
U10679,巢己,25,1,N
U10680,咯己,21,2,Y
U10681,巢己,42,2,Y
U10682,咯己,54,2,Y
U10683,咯己,47,3,Y
U10684,巢己,27,0,Y
U10685,巢己,31,0,Y
U10686,咯己,37,2,Y
U10687,咯己,45,2,Y
U10688,咯己,30,1,Y
U10689,巢己,38,0,Y
U10690,咯己,21,3,Y
U10691,咯己,44,2,Y
U10692,咯己,50,3,Y
U10693,巢己,24,1,Y
U10694,巢己,34,1,Y
U10695,咯己,23,1,Y
U10696,巢己,27,2,Y
U10697,咯己,38,2,Y
U10698,咯己,25,1,Y
U10699,咯己,27,1,Y
U10700,咯己,39,3,Y
U10701,咯己,34,2,Y
U10702,咯己,31,3,Y
U10703,巢己,30,2,Y
U10704,巢己,51,1,Y
U10705,巢己,31,0,Y
U10706,咯己,30,0,Y
U10707,咯己,33,3,Y
U10708,咯己,37,2,N
U10709,巢己,31,2,Y
U10710,咯己,24,0,Y
U10711,咯己,29,1,Y
U10712,咯己,38,2,Y
U10713,巢己,54,0,Y
U10714,巢己,37,2,Y
U10715,巢己,56,1,Y
U10716,巢己,33,1,N
U10717,巢己,24,1,Y
U10718,咯己,39,3,N
U10719,巢己,25,2,Y
U10720,咯己,26,2,N
U10721,咯己,27,2,N
U10722,巢己,38,1,N
U10723,巢己,31,0,Y
U10724,咯己,34,0,Y
U10725,巢己,34,1,Y
U10726,咯己,26,1,Y
U10727,巢己,42,3,N
U10728,咯己,25,2,Y
U10729,巢己,27,0,N
U10730,咯己,33,0,Y
U10731,咯己,30,2,Y
U10732,巢己,34,1,N
U10733,咯己,36,2,Y
U10734,咯己,45,2,Y
U10735,咯己,43,3,Y
U10736,巢己,53,3,N
U10737,咯己,34,0,N
U10738,咯己,34,2,Y
U10739,巢己,35,1,N
U10740,咯己,35,2,Y
U10741,咯己,38,2,Y
U10742,咯己,52,2,Y
U10743,咯己,67,2,Y
U10744,咯己,30,2,Y
U10745,咯己,40,2,Y
U10746,咯己,33,2,N
U10747,咯己,36,2,Y
U10748,咯己,38,3,Y
U10749,咯己,32,1,Y
U10750,巢己,28,1,N
U10751,咯己,34,0,Y
U10752,巢己,69,0,Y
U10753,咯己,30,1,Y
U10754,咯己,22,2,N
U10755,咯己,48,3,Y
U10756,巢己,37,1,N
U10757,咯己,30,3,Y
U10758,巢己,37,3,N
U10759,咯己,29,2,N
U10760,巢己,43,0,Y
U10761,巢己,32,0,N
U10762,巢己,27,0,N
U10763,巢己,26,1,Y
U10764,巢己,43,3,Y
U10765,巢己,63,1,Y
U10766,巢己,31,2,Y
U10767,咯己,22,2,Y
U10768,咯己,33,2,Y
U10769,巢己,30,2,N
U10770,咯己,47,2,Y
U10771,巢己,33,2,N
U10772,咯己,29,3,Y
U10773,咯己,28,1,Y
U10774,咯己,33,0,Y
U10775,咯己,25,2,Y
U10776,巢己,29,1,N
U10777,咯己,31,0,N
U10778,咯己,45,2,Y
U10779,咯己,27,2,Y
U10780,咯己,46,1,Y
U10781,巢己,26,0,N
U10782,咯己,54,1,Y
U10783,巢己,23,2,N
U10784,巢己,33,2,Y
U10785,咯己,25,1,N
U10786,咯己,32,0,Y
U10787,咯己,63,1,N
U10788,咯己,58,1,Y
U10789,咯己,44,3,Y
U10790,巢己,38,2,Y
U10791,咯己,31,1,Y
U10792,巢己,45,0,Y
U10793,咯己,29,2,Y
U10794,咯己,56,2,N
U10795,巢己,22,1,Y
U10796,咯己,35,3,Y
U10797,咯己,33,1,Y
U10798,咯己,43,3,N
U10799,咯己,59,0,Y
U10800,巢己,31,0,Y
U10801,咯己,39,1,Y
U10802,咯己,27,1,Y
U10803,咯己,28,1,Y
U10804,咯己,55,2,Y
U10805,巢己,27,1,N
U10806,巢己,37,3,N
U10807,咯己,22,2,N
U10808,巢己,30,0,Y
U10809,咯己,34,2,Y
U10810,巢己,39,2,Y
U10811,咯己,23,3,Y
U10812,巢己,24,3,N
U10813,咯己,36,3,Y
U10814,咯己,21,2,Y
U10815,咯己,21,2,Y
U10816,巢己,23,1,Y
U10817,巢己,35,1,Y
U10818,巢己,37,3,Y
U10819,咯己,35,2,Y
U10820,咯己,47,2,Y
U10821,巢己,49,2,N
U10822,咯己,30,2,Y
U10823,巢己,31,2,Y
U10824,咯己,65,0,Y
U10825,咯己,47,3,Y
U10826,咯己,39,1,N
U10827,咯己,45,2,Y
U10828,巢己,26,2,N
U10829,咯己,68,0,N
U10830,巢己,26,1,Y
U10831,咯己,38,3,Y
U10832,咯己,66,1,Y
U10833,巢己,35,1,Y
U10834,巢己,34,2,Y
U10835,咯己,49,3,Y
U10836,咯己,27,1,Y
U10837,巢己,59,0,N
U10838,巢己,33,1,N
U10839,巢己,24,2,Y
U10840,巢己,33,1,N
U10841,巢己,28,1,N
U10842,咯己,40,3,Y
U10843,巢己,33,1,Y
U10844,咯己,54,1,Y
U10845,巢己,23,0,Y
U10846,咯己,58,1,N
U10847,咯己,26,1,Y
U10848,咯己,23,2,Y
U10849,咯己,58,2,Y
U10850,咯己,28,1,Y
U10851,咯己,48,3,N
U10852,巢己,27,1,Y
U10853,咯己,24,3,N
U10854,咯己,27,3,Y
U10855,巢己,32,1,N
U10856,巢己,27,1,Y
U10857,巢己,29,2,Y
U10858,巢己,38,3,Y
U10859,巢己,32,0,Y
U10860,巢己,34,2,N
U10861,咯己,41,2,Y
U10862,巢己,56,1,N
U10863,咯己,53,2,Y
U10864,咯己,35,0,Y
U10865,咯己,23,1,N
U10866,咯己,36,3,Y
U10867,咯己,37,2,Y
U10868,巢己,23,2,Y
U10869,咯己,34,2,N
U10870,咯己,40,1,Y
U10871,咯己,29,1,N
U10872,巢己,28,2,N
U10873,巢己,35,2,N
U10874,巢己,53,2,Y
U10875,咯己,41,3,Y
U10876,巢己,35,1,Y
U10877,咯己,65,1,Y
U10878,巢己,44,2,Y
U10879,巢己,33,2,Y
U10880,咯己,27,2,N
U10881,巢己,35,1,N
U10882,咯己,28,0,Y
U10883,巢己,35,2,N
U10884,咯己,30,3,Y
U10885,咯己,24,3,Y
U10886,咯己,23,2,Y
U10887,咯己,50,3,Y
U10888,咯己,36,3,Y
U10889,咯己,47,3,Y
U10890,巢己,34,0,Y
U10891,巢己,63,1,N
U10892,咯己,55,2,Y
U10893,咯己,35,3,Y
U10894,巢己,36,2,N
U10895,咯己,37,3,Y
U10896,咯己,40,1,Y
U10897,巢己,37,3,N
U10898,巢己,33,1,N
U10899,咯己,34,1,N
U10900,巢己,34,2,N
U10901,巢己,49,2,Y
U10902,咯己,21,0,Y
U10903,咯己,34,3,Y
U10904,咯己,35,3,Y
U10905,咯己,34,1,Y
U10906,咯己,39,3,Y
U10907,巢己,29,0,Y
U10908,咯己,32,2,Y
U10909,巢己,33,1,Y
U10910,巢己,35,0,N
U10911,咯己,33,2,Y
U10912,咯己,31,1,Y
U10913,咯己,47,1,Y
U10914,巢己,25,0,N
U10915,咯己,61,1,Y
U10916,巢己,24,2,N
U10917,巢己,39,1,Y
U10918,巢己,22,0,N
U10919,巢己,31,0,N
U10920,咯己,30,0,Y
U10921,巢己,22,0,N
U10922,巢己,41,1,Y
U10923,巢己,35,1,N
U10924,咯己,39,2,Y
U10925,咯己,21,2,Y
U10926,咯己,36,0,Y
U10927,咯己,53,2,Y
U10928,巢己,35,2,Y
U10929,咯己,23,2,Y
U10930,巢己,22,2,Y
U10931,巢己,53,2,Y
U10932,咯己,41,0,Y
U10933,咯己,47,2,Y
U10934,巢己,34,2,N
U10935,巢己,32,1,Y
U10936,巢己,28,2,Y
U10937,咯己,23,1,Y
U10938,咯己,36,3,Y
U10939,咯己,42,3,Y
U10940,巢己,36,2,Y
U10941,咯己,42,1,Y
U10942,巢己,38,0,Y
U10943,巢己,35,2,N
U10944,巢己,55,1,Y
U10945,咯己,29,3,N
U10946,咯己,23,1,N
U10947,咯己,39,3,N
U10948,巢己,50,1,Y
U10949,巢己,34,0,Y
U10950,咯己,42,3,Y
U10951,咯己,39,3,Y
U10952,巢己,39,1,N
U10953,咯己,36,3,Y
U10954,咯己,64,0,Y
U10955,咯己,39,0,Y
U10956,咯己,30,2,Y
U10957,巢己,36,1,N
U10958,咯己,48,3,Y
U10959,咯己,29,1,Y
U10960,咯己,46,2,N
U10961,咯己,38,2,Y
U10962,咯己,45,3,Y
U10963,咯己,38,2,Y
U10964,巢己,25,0,Y
U10965,巢己,42,3,Y
U10966,咯己,33,0,Y
U10967,巢己,45,2,N
U10968,巢己,39,3,Y
U10969,巢己,26,2,Y
U10970,咯己,32,1,Y
U10971,巢己,24,1,Y
U10972,咯己,22,0,Y
U10973,咯己,38,2,Y
U10974,咯己,33,1,Y
U10975,咯己,35,3,N
U10976,巢己,35,1,N
U10977,咯己,52,1,N
U10978,咯己,39,2,Y
U10979,咯己,28,1,Y
U10980,咯己,27,3,Y
U10981,咯己,38,2,Y
U10982,巢己,22,1,Y
U10983,咯己,30,1,Y
U10984,咯己,41,2,Y
U10985,巢己,25,2,Y
U10986,咯己,52,2,Y
U10987,巢己,32,0,Y
U10988,咯己,33,3,Y
U10989,巢己,59,2,Y
U10990,咯己,31,3,Y
U10991,巢己,35,0,N
U10992,巢己,23,1,Y
U10993,巢己,38,2,N
U10994,巢己,25,3,Y
U10995,巢己,61,0,N
U10996,巢己,38,3,Y
U10997,巢己,37,0,N
U10998,咯己,59,1,Y
U10999,咯己,35,3,N
U11000,咯己,33,1,N
U11001,巢己,30,1,Y
U11002,巢己,56,3,N
U11003,咯己,43,3,Y
U11004,巢己,24,1,Y
U11005,巢己,32,1,Y
U11006,巢己,26,2,N
U11007,巢己,67,0,N
U11008,咯己,40,3,Y
U11009,咯己,28,2,N
U11010,咯己,37,3,Y
U11011,咯己,34,3,Y
U11012,巢己,24,2,N
U11013,咯己,33,1,Y
U11014,巢己,38,1,Y
U11015,巢己,31,0,N
U11016,巢己,38,3,N
U11017,巢己,35,2,Y
U11018,巢己,41,3,N
U11019,咯己,26,2,N
U11020,咯己,52,2,Y
U11021,咯己,60,2,Y
U11022,咯己,60,2,N
U11023,咯己,30,2,N
U11024,咯己,31,1,Y
U11025,巢己,33,0,N
U11026,咯己,30,0,N
U11027,咯己,30,1,Y
U11028,咯己,69,0,Y
U11029,咯己,36,3,N
U11030,咯己,46,2,N
U11031,咯己,40,2,Y
U11032,巢己,33,1,Y
U11033,咯己,22,2,Y
U11034,巢己,28,0,Y
U11035,咯己,35,3,Y
U11036,咯己,26,2,Y
U11037,咯己,23,2,Y
U11038,巢己,22,2,N
U11039,巢己,39,1,Y
U11040,咯己,35,1,Y
U11041,咯己,35,2,Y
U11042,巢己,33,1,N
U11043,咯己,57,2,Y
U11044,咯己,39,1,Y
U11045,咯己,55,1,Y
U11046,巢己,33,1,Y
U11047,巢己,41,2,N
U11048,咯己,38,3,Y
U11049,巢己,38,0,N
U11050,咯己,31,1,Y
U11051,咯己,39,1,Y
U11052,巢己,22,1,N
U11053,巢己,30,2,Y
U11054,咯己,49,3,Y
U11055,咯己,24,1,Y
U11056,咯己,39,2,Y
U11057,咯己,34,2,Y
U11058,巢己,28,2,Y
U11059,巢己,37,1,N
U11060,巢己,29,1,N
U11061,咯己,28,2,N
U11062,咯己,28,1,Y
U11063,咯己,36,2,Y
U11064,巢己,41,1,N
U11065,咯己,21,2,Y
U11066,巢己,24,0,Y
U11067,咯己,27,1,Y
U11068,咯己,25,1,Y
U11069,咯己,32,1,Y
U11070,咯己,39,2,Y
U11071,咯己,48,2,Y
U11072,咯己,55,1,Y
U11073,巢己,38,1,Y
U11074,咯己,32,1,Y
U11075,巢己,44,3,N
U11076,巢己,28,1,N
U11077,咯己,31,1,Y
U11078,咯己,29,1,Y
U11079,巢己,22,2,N
U11080,咯己,67,2,Y
U11081,咯己,49,2,Y
U11082,咯己,28,2,Y
U11083,咯己,42,2,Y
U11084,巢己,27,1,N
U11085,巢己,57,2,N
U11086,咯己,38,2,Y
U11087,咯己,57,2,Y
U11088,咯己,34,1,Y
U11089,巢己,31,1,Y
U11090,巢己,22,2,N
U11091,巢己,23,2,N
U11092,巢己,41,2,N
U11093,咯己,36,3,N
U11094,巢己,36,2,N
U11095,巢己,38,2,Y
U11096,咯己,31,2,Y
U11097,咯己,68,1,Y
U11098,咯己,34,1,N
U11099,巢己,23,2,N
U11100,咯己,46,3,Y
U11101,巢己,37,0,N
U11102,咯己,59,2,N
U11103,巢己,36,2,N
U11104,咯己,43,2,Y
U11105,巢己,27,2,Y
U11106,咯己,37,2,Y
U11107,巢己,28,3,Y
U11108,巢己,31,1,N
U11109,巢己,30,0,N
U11110,巢己,38,2,Y
U11111,咯己,54,2,Y
U11112,巢己,26,2,N
U11113,咯己,55,2,Y
U11114,巢己,27,0,Y
U11115,咯己,32,3,Y
U11116,巢己,33,0,N
U11117,巢己,60,2,N
U11118,咯己,36,2,Y
U11119,咯己,23,1,Y
U11120,咯己,24,3,Y
U11121,咯己,48,3,Y
U11122,咯己,32,2,Y
U11123,巢己,28,2,N
U11124,咯己,38,3,Y
U11125,咯己,34,3,N
U11126,咯己,39,3,Y
U11127,巢己,39,1,N
U11128,咯己,41,3,Y
U11129,巢己,39,2,Y
U11130,巢己,33,2,Y
U11131,咯己,34,2,Y
U11132,咯己,23,1,Y
U11133,咯己,26,3,Y
U11134,咯己,42,2,N
U11135,巢己,42,3,Y
U11136,咯己,21,2,Y
U11137,咯己,30,2,Y
U11138,咯己,30,1,Y
U11139,咯己,29,1,Y
U11140,咯己,28,2,Y
U11141,咯己,42,3,Y
U11142,咯己,34,3,Y
U11143,巢己,28,1,N
U11144,巢己,25,1,Y
U11145,巢己,32,2,Y
U11146,咯己,59,2,Y
U11147,巢己,36,2,Y
U11148,咯己,22,3,Y
U11149,咯己,32,0,Y
U11150,巢己,38,2,N
U11151,巢己,44,2,N
U11152,巢己,57,2,Y
U11153,咯己,58,2,Y
U11154,咯己,31,2,Y
U11155,巢己,69,0,N
U11156,咯己,23,2,N
U11157,咯己,22,0,Y
U11158,巢己,50,1,N
U11159,咯己,34,1,Y
U11160,巢己,41,2,Y
U11161,巢己,45,1,Y
U11162,巢己,55,1,Y
U11163,巢己,50,0,N
U11164,咯己,31,1,Y
U11165,巢己,35,1,N
U11166,咯己,26,1,Y
U11167,咯己,21,1,N
U11168,咯己,40,2,Y
U11169,咯己,69,2,N
U11170,咯己,30,1,Y
U11171,巢己,31,1,N
U11172,咯己,32,0,Y
U11173,巢己,35,2,N
U11174,咯己,36,3,Y
U11175,巢己,54,1,Y
U11176,巢己,33,0,N
U11177,巢己,32,0,Y
U11178,咯己,59,2,Y
U11179,巢己,37,2,Y
U11180,巢己,39,3,Y
U11181,咯己,57,1,Y
U11182,巢己,47,0,N
U11183,巢己,22,1,N
U11184,咯己,32,1,Y
U11185,咯己,54,0,Y
U11186,巢己,26,2,Y
U11187,巢己,39,3,Y
U11188,咯己,40,2,Y
U11189,巢己,40,1,Y
U11190,巢己,29,2,N
U11191,巢己,54,1,Y
U11192,咯己,35,3,Y
U11193,巢己,30,2,Y
U11194,咯己,23,0,Y
U11195,巢己,37,2,N
U11196,巢己,40,1,Y
U11197,巢己,38,0,Y
U11198,咯己,66,1,Y
U11199,咯己,36,2,Y
U11200,咯己,30,2,Y
U11201,咯己,28,0,N
U11202,咯己,38,3,Y
U11203,巢己,28,0,N
U11204,咯己,33,2,Y
U11205,咯己,39,3,Y
U11206,咯己,48,0,Y
U11207,咯己,30,2,Y
U11208,咯己,31,1,Y
U11209,咯己,33,2,Y
U11210,咯己,24,2,Y
U11211,咯己,37,2,Y
U11212,咯己,46,2,Y
U11213,咯己,36,3,Y
U11214,咯己,21,0,Y
U11215,咯己,23,0,Y
U11216,咯己,33,0,Y
U11217,巢己,38,2,Y
U11218,咯己,54,1,Y
U11219,咯己,43,1,Y
U11220,咯己,48,3,Y
U11221,巢己,35,1,Y
U11222,巢己,31,2,Y
U11223,巢己,33,1,N
U11224,巢己,33,2,N
U11225,巢己,37,2,Y
U11226,咯己,54,1,N
U11227,巢己,42,0,Y
U11228,巢己,43,2,Y
U11229,咯己,38,3,N
U11230,巢己,64,0,Y
U11231,咯己,61,2,Y
U11232,咯己,29,1,Y
U11233,咯己,31,2,Y
U11234,巢己,25,3,Y
U11235,咯己,34,1,Y
U11236,咯己,48,3,Y
U11237,巢己,60,0,Y
U11238,巢己,40,1,Y
U11239,巢己,35,0,Y
U11240,巢己,25,0,Y
U11241,巢己,27,1,Y
U11242,咯己,33,2,Y
U11243,咯己,32,1,Y
U11244,咯己,68,0,Y
U11245,咯己,30,2,Y
U11246,巢己,58,0,Y
U11247,巢己,29,2,Y
U11248,巢己,36,0,Y
U11249,咯己,55,2,N
U11250,巢己,35,0,Y
U11251,咯己,23,0,Y
U11252,咯己,30,0,N
U11253,咯己,42,2,Y
U11254,咯己,49,3,Y
U11255,咯己,30,1,Y
U11256,咯己,49,3,Y
U11257,巢己,24,0,Y
U11258,巢己,25,3,N
U11259,巢己,31,0,Y
U11260,咯己,36,2,N
U11261,咯己,38,3,Y
U11262,咯己,57,1,Y
U11263,咯己,34,1,Y
U11264,咯己,39,2,Y
U11265,咯己,47,2,Y
U11266,巢己,34,1,N
U11267,巢己,30,2,N
U11268,咯己,37,3,Y
U11269,咯己,34,0,Y
U11270,咯己,45,0,Y
U11271,咯己,33,2,N
U11272,巢己,24,0,Y
U11273,咯己,34,2,Y
U11274,巢己,24,1,N
U11275,咯己,52,2,Y
U11276,咯己,52,3,Y
U11277,咯己,34,1,Y
U11278,咯己,24,2,Y
U11279,巢己,22,0,N
U11280,巢己,42,2,Y
U11281,巢己,32,2,Y
U11282,咯己,36,3,Y
U11283,咯己,58,2,Y
U11284,巢己,31,2,Y
U11285,咯己,22,1,N
U11286,巢己,30,1,N
U11287,巢己,24,3,Y
U11288,咯己,43,2,Y
U11289,咯己,42,3,Y
U11290,巢己,27,1,N
U11291,巢己,56,3,Y
U11292,巢己,32,2,N
U11293,巢己,35,1,Y
U11294,巢己,48,3,N
U11295,咯己,24,3,Y
U11296,巢己,37,3,Y
U11297,咯己,52,2,Y
U11298,咯己,57,1,Y
U11299,咯己,31,2,Y
U11300,巢己,30,1,N
U11301,咯己,38,2,N
U11302,咯己,62,2,Y
U11303,咯己,38,2,N
U11304,咯己,39,3,N
U11305,咯己,24,2,Y
U11306,咯己,24,2,N
U11307,巢己,29,2,N
U11308,咯己,38,3,Y
U11309,咯己,24,2,Y
U11310,咯己,52,1,Y
U11311,咯己,21,1,Y
U11312,巢己,25,3,N
U11313,咯己,24,0,Y
U11314,巢己,26,1,N
U11315,咯己,41,2,Y
U11316,巢己,42,1,Y
U11317,巢己,34,1,Y
U11318,巢己,36,1,Y
U11319,咯己,31,2,N
U11320,巢己,30,0,N
U11321,咯己,34,2,N
U11322,巢己,38,3,Y
U11323,咯己,22,0,Y
U11324,巢己,39,3,Y
U11325,巢己,45,2,Y
U11326,咯己,60,2,Y
U11327,巢己,23,0,Y
U11328,巢己,36,1,N
U11329,咯己,27,1,N
U11330,咯己,50,3,Y
U11331,巢己,24,0,N
U11332,咯己,48,3,Y
U11333,巢己,39,3,N
U11334,咯己,31,3,Y
U11335,巢己,39,0,Y
U11336,咯己,38,2,Y
U11337,巢己,36,0,N
U11338,咯己,56,2,Y
U11339,巢己,25,3,Y
U11340,咯己,52,2,Y
U11341,咯己,33,0,Y
U11342,咯己,37,3,Y
U11343,咯己,36,3,Y
U11344,咯己,49,3,Y
U11345,咯己,34,2,Y
U11346,巢己,30,0,Y
U11347,咯己,21,2,Y
U11348,巢己,33,1,Y
U11349,咯己,36,3,Y
U11350,咯己,23,3,Y
U11351,巢己,24,3,N
U11352,咯己,45,2,Y
U11353,咯己,49,2,Y
U11354,咯己,38,2,Y
U11355,巢己,26,2,N
U11356,咯己,32,1,Y
U11357,巢己,38,1,Y
U11358,咯己,58,1,Y
U11359,咯己,42,3,Y
U11360,咯己,33,2,Y
U11361,咯己,23,2,Y
U11362,巢己,35,2,N
U11363,咯己,21,1,N
U11364,巢己,57,1,N
U11365,咯己,29,2,Y
U11366,巢己,39,2,Y
U11367,咯己,47,3,Y
U11368,巢己,29,2,N
U11369,巢己,33,2,N
U11370,咯己,29,2,Y
U11371,咯己,26,1,N
U11372,咯己,34,1,N
U11373,巢己,38,1,N
U11374,咯己,42,2,Y
U11375,咯己,36,2,Y
U11376,咯己,43,2,Y
U11377,咯己,53,2,Y
U11378,咯己,50,2,Y
U11379,巢己,36,0,Y
U11380,咯己,25,2,Y
U11381,咯己,44,2,N
U11382,巢己,24,1,N
U11383,咯己,30,2,Y
U11384,咯己,32,1,Y
U11385,咯己,46,2,Y
U11386,咯己,23,2,Y
U11387,巢己,30,1,N
U11388,咯己,50,3,Y
U11389,巢己,26,2,Y
U11390,巢己,33,1,N
U11391,巢己,68,2,Y
U11392,巢己,36,1,Y
U11393,巢己,34,1,Y
U11394,巢己,56,1,Y
U11395,咯己,47,1,N
U11396,咯己,33,2,Y
U11397,咯己,44,3,Y
U11398,咯己,37,3,Y
U11399,巢己,23,0,N
U11400,咯己,47,2,N
U11401,咯己,48,2,Y
U11402,咯己,31,1,Y
U11403,咯己,46,2,Y
U11404,咯己,28,3,Y
U11405,咯己,35,3,Y
U11406,巢己,33,0,Y
U11407,巢己,59,2,Y
U11408,咯己,35,1,Y
U11409,咯己,33,2,Y
U11410,巢己,59,0,Y
U11411,咯己,61,1,Y
U11412,巢己,59,1,Y
U11413,咯己,25,1,Y
U11414,咯己,31,1,Y
U11415,咯己,26,2,Y
U11416,咯己,46,3,Y
U11417,咯己,30,1,Y
U11418,咯己,42,2,Y
U11419,咯己,35,3,N
U11420,咯己,48,3,Y
U11421,咯己,45,3,Y
U11422,巢己,27,1,Y
U11423,巢己,40,2,N
U11424,咯己,33,1,Y
U11425,巢己,42,1,Y
U11426,咯己,52,3,Y
U11427,咯己,46,2,Y
U11428,巢己,22,1,Y
U11429,咯己,26,3,N
U11430,巢己,28,1,N
U11431,咯己,30,3,N
U11432,咯己,57,1,N
U11433,咯己,36,2,N
U11434,巢己,23,0,N
U11435,巢己,31,1,Y
U11436,咯己,34,2,Y
U11437,巢己,42,1,N
U11438,咯己,37,2,Y
U11439,巢己,26,2,N
U11440,咯己,62,0,N
U11441,咯己,25,2,Y
U11442,巢己,22,3,N
U11443,巢己,26,2,Y
U11444,咯己,55,2,Y
U11445,巢己,24,2,N
U11446,咯己,46,3,Y
U11447,咯己,21,1,Y
U11448,巢己,32,1,N
U11449,咯己,46,2,N
U11450,巢己,36,0,N
U11451,巢己,26,1,Y
U11452,咯己,26,2,Y
U11453,咯己,22,3,Y
U11454,咯己,30,2,N
U11455,咯己,22,2,Y
U11456,咯己,43,2,Y
U11457,巢己,36,2,N
U11458,咯己,39,3,N
U11459,巢己,37,2,Y
U11460,巢己,32,2,N
U11461,咯己,32,2,Y
U11462,咯己,67,1,Y
U11463,咯己,36,2,Y
U11464,巢己,25,1,Y
U11465,咯己,32,1,Y
U11466,巢己,30,2,N
U11467,咯己,28,3,Y
U11468,咯己,32,2,N
U11469,咯己,23,2,Y
U11470,咯己,32,3,N
U11471,巢己,45,2,Y
U11472,咯己,67,0,Y
U11473,咯己,61,2,N
U11474,咯己,47,3,N
U11475,咯己,27,3,Y
U11476,咯己,39,2,N
U11477,巢己,51,3,N
U11478,咯己,41,0,Y
U11479,咯己,39,2,Y
U11480,咯己,32,0,Y
U11481,咯己,31,3,N
U11482,咯己,31,2,Y
U11483,巢己,44,3,N
U11484,咯己,48,2,Y
U11485,咯己,26,3,Y
U11486,咯己,38,2,Y
U11487,巢己,26,2,Y
U11488,巢己,62,0,N
U11489,巢己,22,3,Y
U11490,咯己,52,2,Y
U11491,咯己,36,3,Y
U11492,咯己,43,0,Y
U11493,巢己,36,1,Y
U11494,咯己,53,2,Y
U11495,巢己,44,3,N
U11496,咯己,45,0,Y
U11497,咯己,22,2,Y
U11498,咯己,52,3,Y
U11499,咯己,58,1,N
U11500,咯己,37,2,N
U11501,巢己,22,1,N
U11502,咯己,40,0,N
U11503,咯己,31,2,N
U11504,咯己,25,0,Y
U11505,咯己,39,2,N
U11506,咯己,43,2,Y
U11507,咯己,33,0,Y
U11508,咯己,49,3,N
U11509,咯己,32,3,Y
U11510,咯己,29,1,Y
U11511,咯己,41,1,Y
U11512,巢己,38,2,Y
U11513,咯己,26,3,Y
U11514,巢己,56,3,Y
U11515,咯己,21,2,N
U11516,巢己,37,3,N
U11517,巢己,37,2,N
U11518,咯己,49,3,Y
U11519,巢己,32,2,Y
U11520,巢己,25,3,N
U11521,巢己,34,1,Y
U11522,咯己,25,2,Y
U11523,咯己,36,0,N
U11524,咯己,22,2,Y
U11525,巢己,63,2,N
U11526,巢己,31,0,Y
U11527,巢己,33,1,Y
U11528,巢己,31,2,Y
U11529,巢己,26,0,Y
U11530,咯己,22,1,Y
U11531,咯己,48,2,Y
U11532,咯己,36,2,Y
U11533,咯己,23,1,Y
U11534,咯己,30,2,N
U11535,巢己,39,2,Y
U11536,咯己,28,2,Y
U11537,咯己,32,1,Y
U11538,咯己,34,3,Y
U11539,咯己,37,3,Y
U11540,咯己,48,3,Y
U11541,巢己,44,2,N
U11542,咯己,30,0,Y
U11543,咯己,31,1,Y
U11544,巢己,30,1,N
U11545,巢己,27,1,Y
U11546,咯己,32,1,Y
U11547,咯己,24,3,Y
U11548,咯己,32,2,N
U11549,巢己,58,2,N
U11550,咯己,44,2,Y
U11551,巢己,31,2,N
U11552,巢己,32,1,Y
U11553,巢己,24,0,Y
U11554,巢己,23,1,N
U11555,巢己,32,2,N
U11556,咯己,38,3,Y
U11557,巢己,45,0,Y
U11558,巢己,35,1,Y
U11559,咯己,38,3,Y
U11560,巢己,22,1,Y
U11561,咯己,35,3,Y
U11562,巢己,38,0,N
U11563,巢己,25,1,Y
U11564,咯己,38,3,N
U11565,咯己,53,1,Y
U11566,巢己,48,3,Y
U11567,巢己,35,1,N
U11568,巢己,33,1,Y
U11569,巢己,46,0,N
U11570,咯己,22,1,N
U11571,咯己,37,0,N
U11572,巢己,28,1,Y
U11573,巢己,30,0,Y
U11574,咯己,45,1,Y
U11575,巢己,30,2,Y
U11576,巢己,43,2,N
U11577,咯己,22,1,Y
U11578,咯己,24,0,Y
U11579,巢己,63,1,Y
U11580,咯己,39,3,N
U11581,巢己,54,3,N
U11582,巢己,39,1,Y
U11583,咯己,26,1,N
U11584,巢己,31,1,Y
U11585,咯己,46,2,Y
U11586,咯己,48,1,Y
U11587,巢己,43,3,Y
U11588,咯己,37,3,Y
U11589,咯己,36,0,Y
U11590,咯己,34,2,Y
U11591,咯己,68,0,Y
U11592,巢己,33,0,Y
U11593,咯己,37,2,N
U11594,咯己,26,2,Y
U11595,咯己,32,1,Y
U11596,咯己,34,1,Y
U11597,巢己,27,2,Y
U11598,巢己,46,1,N
U11599,咯己,53,2,Y
U11600,咯己,35,2,N
U11601,巢己,25,2,Y
U11602,咯己,35,3,Y
U11603,咯己,38,3,Y
U11604,咯己,30,2,Y
U11605,咯己,59,1,N
U11606,巢己,23,0,N
U11607,咯己,33,1,N
U11608,巢己,43,1,N
U11609,咯己,38,2,Y
U11610,巢己,66,1,N
U11611,巢己,33,2,Y
U11612,巢己,28,3,Y
U11613,巢己,52,0,Y
U11614,巢己,41,2,N
U11615,咯己,27,1,Y
U11616,咯己,28,1,Y
U11617,咯己,38,3,Y
U11618,咯己,52,1,Y
U11619,咯己,34,2,Y
U11620,巢己,33,0,N
U11621,咯己,30,0,N
U11622,咯己,48,2,Y
U11623,咯己,32,1,Y
U11624,咯己,34,3,Y
U11625,咯己,46,3,Y
U11626,巢己,51,3,Y
U11627,咯己,38,2,Y
U11628,咯己,45,3,Y
U11629,巢己,24,2,Y
U11630,咯己,31,3,Y
U11631,咯己,30,1,Y
U11632,巢己,52,3,N
U11633,咯己,36,3,N
U11634,巢己,26,3,Y
U11635,巢己,35,0,N
U11636,巢己,54,2,Y
U11637,咯己,53,1,N
U11638,咯己,40,1,Y
U11639,咯己,36,2,Y
U11640,巢己,34,2,N
U11641,咯己,36,2,Y
U11642,咯己,45,3,Y
U11643,咯己,31,1,Y
U11644,咯己,48,2,Y
U11645,咯己,64,2,Y
U11646,巢己,49,3,N
U11647,咯己,26,0,Y
U11648,咯己,65,1,N
U11649,咯己,39,2,Y
U11650,咯己,38,2,Y
U11651,巢己,24,1,Y
U11652,咯己,33,0,Y
U11653,巢己,50,2,Y
U11654,咯己,38,2,Y
U11655,咯己,23,2,Y
U11656,巢己,28,2,Y
U11657,巢己,38,2,N
U11658,咯己,33,3,Y
U11659,巢己,24,1,Y
U11660,咯己,27,0,Y
U11661,咯己,51,3,Y
U11662,巢己,36,1,N
U11663,咯己,37,1,Y
U11664,巢己,25,3,N
U11665,咯己,22,1,Y
U11666,咯己,31,0,Y
U11667,咯己,33,3,Y
U11668,咯己,28,2,N
U11669,咯己,50,1,Y
U11670,巢己,43,2,Y
U11671,咯己,32,2,Y
U11672,咯己,27,0,Y
U11673,咯己,24,2,Y
U11674,咯己,38,2,Y
U11675,咯己,36,0,Y
U11676,巢己,32,1,N
U11677,咯己,45,3,Y
U11678,咯己,37,2,Y
U11679,巢己,25,2,N
U11680,咯己,42,3,Y
U11681,咯己,34,2,Y
U11682,咯己,34,1,Y
U11683,咯己,34,1,Y
U11684,咯己,22,1,Y
U11685,咯己,51,2,Y
U11686,咯己,33,1,Y
U11687,巢己,26,0,Y
U11688,咯己,28,3,Y
U11689,咯己,48,2,Y
U11690,咯己,64,0,N
U11691,巢己,26,0,N
U11692,咯己,37,3,Y
U11693,咯己,58,1,N
U11694,咯己,58,1,Y
U11695,巢己,63,1,Y
U11696,巢己,28,2,Y
U11697,咯己,61,2,Y
U11698,咯己,53,1,Y
U11699,咯己,23,3,Y
U11700,咯己,22,2,Y
U11701,巢己,35,1,N
U11702,巢己,34,1,N
U11703,咯己,23,2,Y
U11704,巢己,22,0,N
U11705,巢己,39,2,N
U11706,咯己,35,2,Y
U11707,巢己,32,1,Y
U11708,咯己,32,3,Y
U11709,咯己,36,3,Y
U11710,咯己,28,3,Y
U11711,咯己,41,1,Y
U11712,巢己,28,2,Y
U11713,巢己,24,2,N
U11714,咯己,32,0,Y
U11715,巢己,32,1,Y
U11716,咯己,38,3,Y
U11717,咯己,39,3,N
U11718,咯己,47,3,Y
U11719,巢己,24,2,N
U11720,咯己,28,2,Y
U11721,咯己,26,2,Y
U11722,巢己,39,1,Y
U11723,咯己,48,3,Y
U11724,咯己,33,3,N
U11725,巢己,37,2,N
U11726,巢己,25,2,N
U11727,咯己,47,3,Y
U11728,巢己,30,3,N
U11729,咯己,28,1,Y
U11730,巢己,32,0,N
U11731,巢己,51,1,Y
U11732,咯己,21,3,Y
U11733,咯己,45,3,Y
U11734,咯己,66,0,Y
U11735,咯己,36,2,Y
U11736,巢己,41,1,N
U11737,巢己,37,2,N
U11738,咯己,58,2,Y
U11739,巢己,34,1,N
U11740,咯己,64,2,Y
U11741,咯己,24,1,Y
U11742,咯己,38,3,Y
U11743,巢己,51,0,Y
U11744,巢己,61,2,Y
U11745,巢己,29,2,Y
U11746,咯己,40,3,Y
U11747,咯己,26,0,Y
U11748,咯己,66,0,Y
U11749,咯己,67,2,Y
U11750,巢己,26,0,Y
U11751,咯己,44,3,Y
U11752,咯己,61,2,N
U11753,咯己,25,2,Y
U11754,巢己,38,1,Y
U11755,巢己,49,2,N
U11756,巢己,38,3,Y
U11757,咯己,29,1,Y
U11758,咯己,30,3,Y
U11759,咯己,26,1,Y
U11760,巢己,39,3,N
U11761,巢己,24,2,Y
U11762,咯己,54,1,Y
U11763,咯己,24,1,N
U11764,巢己,25,3,Y
U11765,咯己,41,3,Y
U11766,巢己,31,0,N
U11767,巢己,26,3,Y
U11768,咯己,55,1,Y
U11769,咯己,42,3,N
U11770,咯己,38,3,Y
U11771,咯己,29,1,Y
U11772,巢己,31,1,Y
U11773,咯己,57,2,Y
U11774,咯己,30,1,Y
U11775,咯己,26,2,Y
U11776,咯己,60,2,N
U11777,巢己,22,1,N
U11778,巢己,23,2,Y
U11779,咯己,28,3,Y
U11780,巢己,51,1,Y
U11781,巢己,32,1,N
U11782,咯己,35,3,Y
U11783,咯己,21,2,Y
U11784,咯己,55,1,Y
U11785,咯己,35,2,Y
U11786,咯己,31,0,Y
U11787,巢己,33,0,Y
U11788,咯己,53,2,Y
U11789,咯己,42,2,Y
U11790,咯己,22,2,Y
U11791,咯己,31,1,Y
U11792,咯己,23,2,Y
U11793,咯己,49,3,Y
U11794,咯己,64,1,N
U11795,咯己,38,2,Y
U11796,巢己,51,2,Y
U11797,咯己,34,3,Y
U11798,巢己,29,2,Y
U11799,巢己,35,0,N
U11800,咯己,33,1,Y
U11801,咯己,64,1,N
U11802,咯己,32,1,Y
U11803,巢己,56,1,Y
U11804,巢己,23,2,Y
U11805,巢己,24,2,Y
U11806,巢己,33,1,Y
U11807,巢己,45,2,Y
U11808,咯己,43,3,Y
U11809,咯己,25,2,Y
U11810,咯己,52,2,Y
U11811,巢己,27,1,N
U11812,咯己,24,1,N
U11813,巢己,48,3,N
U11814,巢己,24,0,N
U11815,咯己,24,0,Y
U11816,巢己,57,2,N
U11817,咯己,46,3,N
U11818,巢己,47,1,N
U11819,巢己,32,0,N
U11820,巢己,26,2,Y
U11821,咯己,41,2,Y
U11822,巢己,39,2,Y
U11823,咯己,30,1,Y
U11824,咯己,47,3,N
U11825,咯己,32,1,Y
U11826,咯己,27,1,N
U11827,巢己,24,3,N
U11828,巢己,39,2,Y
U11829,巢己,26,2,Y
U11830,咯己,56,2,Y
U11831,巢己,33,0,N
U11832,咯己,39,3,Y
U11833,巢己,39,3,N
U11834,巢己,34,1,N
U11835,咯己,32,1,Y
U11836,巢己,32,1,Y
U11837,巢己,35,0,Y
U11838,咯己,37,2,Y
U11839,咯己,63,1,Y
U11840,咯己,36,1,Y
U11841,咯己,30,2,Y
U11842,咯己,36,2,Y
U11843,咯己,36,3,Y
U11844,巢己,56,2,Y
U11845,咯己,36,0,N
U11846,巢己,38,2,N
U11847,咯己,42,2,Y
U11848,咯己,32,1,N
U11849,咯己,43,2,Y
U11850,咯己,66,1,Y
U11851,咯己,33,2,Y
U11852,咯己,35,2,Y
U11853,巢己,44,3,Y
U11854,咯己,36,3,Y
U11855,咯己,49,3,Y
U11856,咯己,38,3,Y
U11857,咯己,42,2,Y
U11858,咯己,43,2,Y
U11859,咯己,36,0,Y
U11860,咯己,34,0,Y
U11861,咯己,59,1,N
U11862,咯己,56,1,Y
U11863,咯己,29,3,Y
U11864,巢己,32,2,Y
U11865,巢己,26,2,N
U11866,巢己,34,1,Y
U11867,咯己,36,2,Y
U11868,咯己,37,2,Y
U11869,巢己,36,1,Y
U11870,巢己,38,1,N
U11871,咯己,35,2,Y
U11872,咯己,33,0,Y
U11873,巢己,40,2,Y
U11874,巢己,38,2,Y
U11875,咯己,33,2,Y
U11876,巢己,40,1,N
U11877,咯己,60,2,Y
U11878,咯己,68,2,Y
U11879,咯己,31,2,Y
U11880,咯己,54,1,N
U11881,巢己,27,1,Y
U11882,巢己,33,1,Y
U11883,咯己,68,1,Y
U11884,巢己,44,2,N
U11885,咯己,29,0,Y
U11886,巢己,34,2,Y
U11887,咯己,67,2,N
U11888,巢己,65,2,Y
U11889,巢己,44,1,Y
U11890,巢己,31,2,Y
U11891,巢己,40,3,Y
U11892,巢己,34,2,Y
U11893,咯己,22,2,Y
U11894,咯己,54,2,Y
U11895,咯己,51,2,Y
U11896,巢己,28,1,Y
U11897,巢己,37,1,Y
U11898,咯己,36,3,Y
U11899,巢己,24,0,N
U11900,巢己,37,2,N
U11901,巢己,30,2,Y
U11902,咯己,43,2,Y
U11903,咯己,60,1,Y
U11904,巢己,27,0,N
U11905,巢己,38,3,Y
U11906,咯己,48,3,Y
U11907,巢己,47,2,Y
U11908,咯己,60,1,Y
U11909,咯己,26,2,Y
U11910,巢己,27,1,N
U11911,咯己,48,2,Y
U11912,咯己,32,3,N
U11913,巢己,29,0,Y
U11914,巢己,40,3,N
U11915,巢己,31,2,N
U11916,巢己,47,3,N
U11917,巢己,26,1,N
U11918,咯己,35,3,Y
U11919,咯己,49,3,Y
U11920,巢己,45,3,Y
U11921,咯己,63,0,Y
U11922,咯己,36,3,Y
U11923,咯己,64,2,Y
U11924,咯己,45,3,Y
U11925,咯己,27,1,Y
U11926,咯己,29,1,Y
U11927,咯己,52,3,Y
U11928,巢己,33,2,Y
U11929,巢己,37,1,Y
U11930,巢己,29,0,Y
U11931,咯己,21,0,Y
U11932,咯己,52,2,Y
U11933,巢己,38,1,Y
U11934,咯己,23,1,Y
U11935,巢己,35,2,N
U11936,巢己,35,1,Y
U11937,咯己,33,2,N
U11938,巢己,51,2,N
U11939,巢己,30,2,Y
U11940,咯己,29,1,Y
U11941,咯己,39,3,Y
U11942,咯己,49,2,Y
U11943,咯己,23,2,Y
U11944,咯己,25,2,Y
U11945,咯己,36,2,Y
U11946,咯己,32,0,Y
U11947,咯己,21,3,Y
U11948,咯己,28,2,Y
U11949,咯己,36,3,Y
U11950,咯己,29,2,Y
U11951,咯己,48,3,Y
U11952,巢己,47,3,Y
U11953,咯己,60,0,Y
U11954,咯己,34,2,N
U11955,咯己,33,0,Y
U11956,巢己,41,2,Y
U11957,巢己,34,1,N
U11958,巢己,45,2,Y
U11959,咯己,24,0,Y
U11960,咯己,32,2,N
U11961,咯己,30,1,N
U11962,咯己,41,2,Y
U11963,咯己,24,2,Y
U11964,咯己,41,2,Y
U11965,咯己,29,1,Y
U11966,咯己,26,2,Y
U11967,咯己,31,1,Y
U11968,咯己,25,2,Y
U11969,咯己,33,2,N
U11970,巢己,35,1,N
U11971,咯己,30,2,Y
U11972,咯己,48,3,Y
U11973,巢己,35,2,Y
U11974,巢己,34,0,Y
U11975,巢己,24,3,Y
U11976,巢己,34,0,N
U11977,巢己,34,1,N
U11978,巢己,34,1,Y
U11979,咯己,32,2,Y
U11980,咯己,35,2,Y
U11981,咯己,46,3,Y
U11982,巢己,26,2,Y
U11983,巢己,26,2,N
U11984,咯己,25,2,Y
U11985,咯己,34,0,Y
U11986,咯己,57,2,Y
U11987,咯己,35,3,N
U11988,巢己,23,0,Y
U11989,咯己,44,3,Y
U11990,巢己,37,3,Y
U11991,巢己,27,2,N
U11992,咯己,34,2,Y
U11993,咯己,29,1,N
U11994,咯己,33,2,Y
U11995,巢己,31,0,N
U11996,咯己,68,2,Y
U11997,咯己,60,1,Y
U11998,咯己,39,2,Y
U11999,咯己,44,2,N
U12000,巢己,28,0,N
U12001,咯己,46,3,Y
U12002,咯己,26,3,Y
U12003,咯己,24,2,Y
U12004,咯己,34,3,Y
U12005,巢己,35,2,Y
U12006,咯己,33,2,Y
U12007,咯己,32,0,Y
U12008,巢己,40,3,Y
U12009,咯己,50,3,Y
U12010,咯己,53,2,Y
U12011,咯己,42,2,N
U12012,咯己,35,0,Y
U12013,巢己,49,2,N
U12014,巢己,31,1,Y
U12015,咯己,38,1,Y
U12016,巢己,38,0,N
U12017,咯己,45,3,N
U12018,咯己,35,2,Y
U12019,咯己,46,2,N
U12020,咯己,29,3,N
U12021,咯己,56,1,Y
U12022,咯己,44,2,Y
U12023,咯己,39,2,N
U12024,巢己,47,1,N
U12025,巢己,49,2,Y
U12026,巢己,34,1,Y
U12027,巢己,37,1,Y
U12028,咯己,56,2,Y
U12029,咯己,26,1,Y
U12030,咯己,49,3,Y
U12031,咯己,30,1,N
U12032,巢己,46,2,N
U12033,咯己,31,3,Y
U12034,巢己,33,2,N
U12035,咯己,37,3,Y
U12036,咯己,23,2,Y
U12037,巢己,30,1,Y
U12038,咯己,22,1,Y
U12039,咯己,53,1,N
U12040,巢己,58,2,Y
U12041,咯己,37,3,N
U12042,巢己,68,0,Y
U12043,巢己,47,0,N
U12044,咯己,37,3,Y
U12045,咯己,32,2,Y
U12046,巢己,37,1,Y
U12047,巢己,37,3,Y
U12048,咯己,47,3,Y
U12049,咯己,38,3,N
U12050,咯己,30,3,Y
U12051,咯己,50,2,Y
U12052,巢己,50,2,N
U12053,巢己,28,0,N
U12054,巢己,29,2,N
U12055,咯己,31,0,Y
U12056,巢己,31,2,N
U12057,巢己,31,1,Y
U12058,巢己,28,1,Y
U12059,巢己,27,0,N
U12060,咯己,30,2,N
U12061,咯己,33,0,Y
U12062,咯己,24,1,Y
U12063,巢己,30,3,N
U12064,巢己,25,2,Y
U12065,咯己,37,3,Y
U12066,咯己,37,2,Y
U12067,咯己,48,1,N
U12068,巢己,22,0,Y
U12069,巢己,47,1,N
U12070,咯己,38,0,Y
U12071,巢己,28,2,N
U12072,巢己,55,3,Y
U12073,咯己,21,3,N
U12074,咯己,26,0,Y
U12075,咯己,58,2,N
U12076,咯己,57,2,Y
U12077,巢己,28,2,N
U12078,巢己,49,2,N
U12079,咯己,60,1,N
U12080,咯己,46,2,Y
U12081,巢己,33,0,N
U12082,咯己,36,2,Y
U12083,咯己,21,2,Y
U12084,巢己,28,0,Y
U12085,巢己,37,1,Y
U12086,咯己,31,0,Y
U12087,巢己,39,3,Y
U12088,咯己,30,3,Y
U12089,巢己,44,1,Y
U12090,巢己,24,1,Y
U12091,巢己,22,1,N
U12092,咯己,33,1,N
U12093,咯己,39,2,Y
U12094,巢己,28,2,N
U12095,咯己,29,1,Y
U12096,巢己,28,3,Y
U12097,巢己,30,0,N
U12098,咯己,35,1,Y
U12099,巢己,49,1,N
U12100,咯己,49,3,N
U12101,咯己,51,2,Y
U12102,咯己,38,2,Y
U12103,巢己,32,0,N
U12104,咯己,34,3,N
U12105,咯己,35,3,Y
U12106,咯己,31,3,Y
U12107,咯己,48,3,Y
U12108,巢己,28,0,N
U12109,咯己,44,0,Y
U12110,咯己,36,3,Y
U12111,巢己,33,2,Y
U12112,巢己,30,2,N
U12113,巢己,49,1,Y
U12114,咯己,39,2,Y
U12115,咯己,48,2,Y
U12116,咯己,32,1,Y
U12117,巢己,24,2,N
U12118,咯己,25,0,Y
U12119,巢己,28,2,Y
U12120,咯己,35,2,Y
U12121,咯己,35,3,Y
U12122,咯己,48,3,Y
U12123,咯己,42,3,N
U12124,咯己,25,0,Y
U12125,巢己,34,1,Y
U12126,咯己,39,3,N
U12127,巢己,23,1,N
U12128,咯己,53,2,Y
U12129,巢己,38,2,Y
U12130,巢己,25,1,N
U12131,咯己,38,3,Y
U12132,巢己,36,1,Y
U12133,咯己,30,3,Y
U12134,咯己,29,0,Y
U12135,咯己,36,3,N
U12136,咯己,40,3,N
U12137,咯己,30,1,Y
U12138,咯己,37,3,N
U12139,咯己,22,2,Y
U12140,咯己,41,3,Y
U12141,巢己,38,3,Y
U12142,巢己,30,1,N
U12143,巢己,26,2,Y
U12144,咯己,37,2,Y
U12145,咯己,34,1,Y
U12146,巢己,25,1,Y
U12147,咯己,21,2,N
U12148,咯己,34,2,Y
U12149,巢己,44,1,N
U12150,巢己,45,3,Y
U12151,巢己,23,1,N
U12152,巢己,46,1,Y
U12153,咯己,40,0,N
U12154,巢己,28,1,N
U12155,巢己,26,0,Y
U12156,咯己,31,3,Y
U12157,巢己,39,2,Y
U12158,巢己,30,1,N
U12159,巢己,27,1,Y
U12160,咯己,64,2,Y
U12161,咯己,32,0,Y
U12162,巢己,27,1,Y
U12163,咯己,26,1,Y
U12164,巢己,26,1,N
U12165,咯己,33,2,Y
U12166,咯己,28,2,Y
U12167,咯己,31,3,Y
U12168,咯己,31,1,Y
U12169,巢己,24,3,N
U12170,咯己,40,0,Y
U12171,巢己,43,2,Y
U12172,咯己,42,2,Y
U12173,巢己,25,1,Y
U12174,咯己,34,1,Y
U12175,咯己,44,2,Y
U12176,咯己,35,3,Y
U12177,咯己,42,0,N
U12178,巢己,28,2,Y
U12179,咯己,23,3,Y
U12180,巢己,31,1,Y
U12181,咯己,37,3,N
U12182,巢己,36,0,N
U12183,巢己,29,0,Y
U12184,巢己,36,1,N
U12185,咯己,62,0,Y
U12186,咯己,48,0,Y
U12187,咯己,60,1,Y
U12188,咯己,30,1,Y
U12189,巢己,37,0,Y
U12190,咯己,33,1,Y
U12191,咯己,47,2,Y
U12192,咯己,21,2,Y
U12193,咯己,37,2,Y
U12194,巢己,64,0,Y
U12195,巢己,39,2,Y
U12196,咯己,47,0,Y
U12197,巢己,51,2,Y
U12198,咯己,36,0,Y
U12199,巢己,47,1,N
U12200,咯己,44,2,Y
U12201,巢己,38,1,N
U12202,咯己,41,2,Y
U12203,咯己,41,2,Y
U12204,咯己,48,2,Y
U12205,咯己,38,2,Y
U12206,咯己,35,1,Y
U12207,巢己,26,1,N
U12208,巢己,30,0,Y
U12209,咯己,33,1,Y
U12210,咯己,24,1,Y
U12211,咯己,35,2,Y
U12212,咯己,25,0,Y
U12213,咯己,36,3,N
U12214,巢己,36,0,Y
U12215,巢己,38,2,N
U12216,巢己,23,0,N
U12217,巢己,25,1,Y
U12218,咯己,49,2,Y
U12219,巢己,28,2,Y
U12220,巢己,41,1,N
U12221,巢己,34,1,N
U12222,咯己,24,3,Y
U12223,咯己,32,1,Y
U12224,咯己,37,1,N
U12225,巢己,27,3,N
U12226,巢己,26,2,Y
U12227,咯己,27,0,Y
U12228,巢己,24,0,Y
U12229,咯己,41,2,Y
U12230,咯己,22,3,Y
U12231,巢己,30,1,Y
U12232,咯己,37,3,N
U12233,巢己,30,0,Y
U12234,巢己,39,1,N
U12235,巢己,68,0,Y
U12236,咯己,35,3,Y
U12237,巢己,58,1,Y
U12238,咯己,27,0,Y
U12239,巢己,37,1,N
U12240,咯己,29,2,Y
U12241,咯己,31,1,N
U12242,咯己,30,1,Y
U12243,巢己,37,3,N
U12244,巢己,57,2,Y
U12245,咯己,45,2,N
U12246,咯己,39,2,Y
U12247,咯己,37,2,Y
U12248,咯己,34,3,Y
U12249,咯己,29,2,Y
U12250,咯己,46,2,N
U12251,咯己,33,1,Y
U12252,咯己,31,1,Y
U12253,咯己,35,1,N
U12254,咯己,26,0,Y
U12255,咯己,32,2,Y
U12256,巢己,26,1,N
U12257,巢己,39,1,Y
U12258,咯己,24,2,Y
U12259,咯己,23,0,Y
U12260,咯己,38,2,Y
U12261,咯己,53,1,Y
U12262,咯己,34,1,Y
U12263,巢己,33,0,N
U12264,咯己,31,3,Y
U12265,咯己,29,2,Y
U12266,巢己,56,3,N
U12267,巢己,37,1,N
U12268,咯己,37,2,Y
U12269,巢己,27,2,Y
U12270,咯己,23,0,Y
U12271,咯己,49,2,N
U12272,巢己,35,2,N
U12273,咯己,60,1,Y
U12274,咯己,42,2,Y
U12275,咯己,53,1,N
U12276,巢己,36,2,N
U12277,巢己,43,2,Y
U12278,咯己,69,1,Y
U12279,咯己,37,2,Y
U12280,咯己,39,2,Y
U12281,巢己,37,2,Y
U12282,咯己,24,2,Y
U12283,咯己,63,0,N
U12284,巢己,22,1,Y
U12285,巢己,29,0,Y
U12286,巢己,30,0,N
U12287,咯己,38,3,Y
U12288,巢己,28,2,Y
U12289,巢己,32,1,Y
U12290,咯己,39,3,N
U12291,咯己,27,2,Y
U12292,巢己,31,0,Y
U12293,咯己,53,1,Y
U12294,巢己,40,2,Y
U12295,咯己,64,1,Y
U12296,巢己,35,1,N
U12297,咯己,68,0,Y
U12298,咯己,32,2,Y
U12299,巢己,56,2,N
U12300,咯己,25,0,Y
U12301,巢己,38,1,Y
U12302,巢己,53,3,Y
U12303,咯己,32,1,Y
U12304,巢己,33,1,N
U12305,咯己,67,0,Y
U12306,巢己,49,2,N
U12307,咯己,48,3,Y
U12308,巢己,46,2,Y
U12309,咯己,45,2,Y
U12310,咯己,46,2,N
U12311,巢己,29,2,N
U12312,咯己,54,1,Y
U12313,咯己,38,1,N
U12314,咯己,67,2,Y
U12315,咯己,36,3,Y
U12316,巢己,24,0,Y
U12317,咯己,47,2,Y
U12318,咯己,48,2,Y
U12319,咯己,21,0,Y
U12320,巢己,27,1,N
U12321,咯己,37,1,N
U12322,巢己,23,0,N
U12323,咯己,69,1,Y
U12324,咯己,69,1,Y
U12325,巢己,22,2,N
U12326,巢己,43,2,Y
U12327,咯己,30,0,Y
U12328,咯己,37,2,Y
U12329,巢己,24,0,Y
U12330,巢己,37,3,Y
U12331,巢己,31,2,Y
U12332,咯己,25,2,Y
U12333,咯己,49,2,Y
U12334,咯己,30,3,Y
U12335,巢己,65,0,N
U12336,咯己,39,2,Y
U12337,巢己,57,2,Y
U12338,巢己,36,2,N
U12339,巢己,49,1,Y
U12340,巢己,31,2,N
U12341,巢己,38,2,N
U12342,咯己,58,1,Y
U12343,咯己,66,0,Y
U12344,巢己,39,1,N
U12345,巢己,69,0,N
U12346,咯己,22,1,Y
U12347,巢己,28,2,Y
U12348,咯己,38,2,Y
U12349,咯己,38,3,Y
U12350,咯己,32,0,Y
U12351,咯己,27,2,Y
U12352,咯己,33,1,Y
U12353,咯己,38,3,Y
U12354,巢己,56,0,Y
U12355,咯己,37,3,Y
U12356,咯己,35,3,Y
U12357,巢己,31,2,Y
U12358,巢己,29,1,Y
U12359,咯己,21,3,Y
U12360,咯己,67,1,Y
U12361,咯己,37,2,Y
U12362,咯己,37,3,Y
U12363,巢己,32,2,Y
U12364,咯己,42,3,Y
U12365,咯己,52,3,Y
U12366,咯己,51,2,Y
U12367,咯己,23,1,Y
U12368,巢己,36,2,N
U12369,咯己,45,3,Y
U12370,巢己,65,1,N
U12371,咯己,36,2,Y
U12372,巢己,24,3,N
U12373,咯己,27,2,Y
U12374,巢己,33,2,Y
U12375,咯己,57,1,N
U12376,巢己,50,1,N
U12377,咯己,33,1,Y
U12378,咯己,38,2,Y
U12379,巢己,35,1,Y
U12380,巢己,25,3,N
U12381,咯己,30,2,Y
U12382,咯己,24,3,N
U12383,巢己,37,3,Y
U12384,巢己,23,2,Y
U12385,巢己,33,2,N
U12386,巢己,26,0,Y
U12387,咯己,47,3,N
U12388,咯己,34,0,N
U12389,巢己,41,3,N
U12390,咯己,53,2,Y
U12391,咯己,31,2,Y
U12392,咯己,29,2,Y
U12393,咯己,68,2,N
U12394,咯己,40,2,Y
U12395,咯己,38,3,N
U12396,咯己,30,0,N
U12397,咯己,38,2,Y
U12398,咯己,39,2,Y
U12399,咯己,39,3,Y
U12400,巢己,29,3,Y
U12401,咯己,23,2,Y
U12402,咯己,40,3,Y
U12403,咯己,30,0,Y
U12404,咯己,36,3,Y
U12405,巢己,40,1,N
U12406,咯己,35,2,Y
U12407,巢己,32,1,N
U12408,咯己,32,2,Y
U12409,巢己,35,0,N
U12410,咯己,34,0,Y
U12411,咯己,27,0,Y
U12412,咯己,30,2,Y
U12413,巢己,35,1,N
U12414,咯己,35,3,N
U12415,巢己,43,0,Y
U12416,咯己,27,0,Y
U12417,巢己,30,2,N
U12418,咯己,56,1,N
U12419,咯己,39,3,Y
U12420,巢己,24,1,N
U12421,咯己,30,3,Y
U12422,巢己,48,2,N
U12423,巢己,38,1,Y
U12424,咯己,30,0,Y
U12425,咯己,58,2,Y
U12426,咯己,25,2,Y
U12427,巢己,57,2,Y
U12428,咯己,27,1,N
U12429,巢己,22,0,N
U12430,咯己,40,2,Y
U12431,巢己,36,0,Y
U12432,巢己,35,1,Y
U12433,咯己,34,1,N
U12434,咯己,60,2,N
U12435,咯己,35,3,N
U12436,咯己,35,3,Y
U12437,咯己,25,2,Y
U12438,咯己,30,2,Y
U12439,咯己,30,1,Y
U12440,巢己,32,1,N
U12441,咯己,28,1,N
U12442,咯己,31,2,Y
U12443,咯己,43,0,Y
U12444,咯己,34,1,Y
U12445,咯己,53,2,N
U12446,咯己,46,2,Y
U12447,巢己,55,0,Y
U12448,咯己,67,2,Y
U12449,咯己,38,2,Y
U12450,巢己,32,2,Y
U12451,巢己,22,2,Y
U12452,巢己,53,1,N
U12453,咯己,25,2,Y
U12454,咯己,31,1,N
U12455,咯己,25,1,Y
U12456,咯己,40,2,N
U12457,咯己,34,3,Y
U12458,巢己,43,2,Y
U12459,巢己,24,1,N
U12460,咯己,40,3,Y
U12461,巢己,33,1,N
U12462,咯己,49,2,Y
U12463,咯己,23,0,Y
U12464,咯己,26,2,Y
U12465,咯己,44,1,N
U12466,咯己,31,2,Y
U12467,咯己,35,2,Y
U12468,咯己,46,2,Y
U12469,咯己,36,3,Y
U12470,咯己,35,0,Y
U12471,咯己,23,0,Y
U12472,咯己,31,1,Y
U12473,咯己,35,2,Y
U12474,咯己,40,3,Y
U12475,巢己,28,2,Y
U12476,咯己,28,2,N
U12477,巢己,32,2,Y
U12478,巢己,24,1,N
U12479,咯己,22,0,N
U12480,咯己,31,1,Y
U12481,咯己,30,2,N
U12482,巢己,23,2,Y
U12483,咯己,42,2,Y
U12484,咯己,52,2,Y
U12485,咯己,38,2,Y
U12486,巢己,38,1,N
U12487,巢己,33,1,Y
U12488,咯己,57,2,Y
U12489,咯己,50,2,Y
U12490,巢己,35,0,Y
U12491,咯己,34,2,Y
U12492,咯己,49,0,Y
U12493,咯己,44,2,Y
U12494,咯己,40,0,Y
U12495,巢己,23,1,N
U12496,巢己,34,1,N
U12497,咯己,53,1,Y
U12498,巢己,22,1,Y
U12499,咯己,34,0,Y
U12500,咯己,35,2,Y
U12501,巢己,45,2,N
U12502,巢己,33,1,N
U12503,咯己,24,1,N
U12504,咯己,46,3,Y
U12505,巢己,46,1,Y
U12506,咯己,55,1,Y
U12507,巢己,22,1,Y
U12508,巢己,28,1,N
U12509,咯己,25,2,Y
U12510,巢己,29,0,N
U12511,咯己,32,0,Y
U12512,巢己,22,3,Y
U12513,咯己,38,3,Y
U12514,咯己,47,2,Y
U12515,巢己,37,1,N
U12516,咯己,34,3,Y
U12517,巢己,30,2,Y
U12518,巢己,26,2,Y
U12519,咯己,35,3,N
U12520,咯己,34,1,Y
U12521,咯己,36,0,Y
U12522,咯己,28,2,Y
U12523,咯己,38,3,Y
U12524,咯己,22,3,Y
U12525,巢己,22,3,Y
U12526,咯己,44,2,Y
U12527,巢己,35,1,Y
U12528,巢己,43,1,N
U12529,巢己,30,2,Y
U12530,巢己,37,2,N
U12531,咯己,36,3,Y
U12532,巢己,27,1,N
U12533,咯己,44,3,Y
U12534,巢己,52,3,N
U12535,咯己,51,3,Y
U12536,咯己,28,2,N
U12537,巢己,65,2,Y
U12538,巢己,33,2,N
U12539,巢己,53,3,Y
U12540,咯己,34,2,Y
U12541,咯己,39,3,N
U12542,巢己,47,3,N
U12543,咯己,56,2,Y
U12544,咯己,69,2,Y
U12545,巢己,23,2,Y
U12546,咯己,50,0,Y
U12547,巢己,33,1,Y
U12548,咯己,22,0,Y
U12549,咯己,30,1,Y
U12550,咯己,41,2,Y
U12551,咯己,24,3,N
U12552,巢己,23,3,Y
U12553,巢己,38,2,Y
U12554,巢己,34,2,N
U12555,巢己,36,2,Y
U12556,巢己,34,0,Y
U12557,咯己,27,2,Y
U12558,咯己,35,2,N
U12559,巢己,50,2,N
U12560,咯己,26,0,N
U12561,咯己,34,1,N
U12562,巢己,32,2,Y
U12563,咯己,40,3,Y
U12564,巢己,29,2,N
U12565,咯己,37,2,Y
U12566,咯己,37,2,Y
U12567,咯己,25,2,Y
U12568,巢己,33,2,Y
U12569,咯己,28,3,Y
U12570,咯己,52,3,Y
U12571,咯己,30,0,Y
U12572,巢己,60,2,N
U12573,咯己,42,2,Y
U12574,巢己,27,2,Y
U12575,巢己,44,1,Y
U12576,咯己,23,1,Y
U12577,巢己,26,0,Y
U12578,咯己,31,1,Y
U12579,咯己,23,0,Y
U12580,咯己,47,1,Y
U12581,咯己,42,3,Y
U12582,咯己,32,3,Y
U12583,咯己,24,2,Y
U12584,咯己,28,1,Y
U12585,巢己,27,2,N
U12586,咯己,36,1,Y
U12587,咯己,36,2,N
U12588,咯己,33,0,Y
U12589,巢己,39,3,Y
U12590,咯己,26,2,Y
U12591,巢己,37,0,Y
U12592,咯己,21,3,N
U12593,咯己,39,3,Y
U12594,巢己,56,3,N
U12595,咯己,56,1,N
U12596,咯己,57,2,Y
U12597,巢己,34,2,Y
U12598,咯己,33,1,Y
U12599,巢己,30,2,N
U12600,咯己,24,1,Y
U12601,巢己,32,0,Y
U12602,咯己,40,3,Y
U12603,巢己,25,1,N
U12604,咯己,32,1,Y
U12605,咯己,34,1,Y
U12606,巢己,38,3,Y
U12607,咯己,33,0,Y
U12608,咯己,33,0,Y
U12609,咯己,59,2,N
U12610,咯己,31,1,Y
U12611,巢己,36,0,N
U12612,咯己,39,2,Y
U12613,巢己,30,1,Y
U12614,咯己,35,2,Y
U12615,巢己,22,2,Y
U12616,巢己,54,2,N
U12617,巢己,33,2,Y
U12618,咯己,33,3,Y
U12619,巢己,29,2,Y
U12620,咯己,26,1,Y
U12621,巢己,34,1,Y
U12622,咯己,46,3,Y
U12623,巢己,24,0,Y
U12624,巢己,28,3,Y
U12625,咯己,50,3,Y
U12626,咯己,41,2,Y
U12627,咯己,39,3,N
U12628,咯己,23,1,Y
U12629,咯己,33,0,Y
U12630,咯己,45,2,Y
U12631,巢己,43,0,N
U12632,咯己,57,1,Y
U12633,咯己,45,3,N
U12634,巢己,40,2,Y
U12635,咯己,32,2,N
U12636,咯己,39,2,Y
U12637,咯己,24,0,Y
U12638,咯己,35,2,Y
U12639,咯己,44,2,Y
U12640,咯己,43,3,Y
U12641,巢己,26,2,N
U12642,咯己,53,1,Y
U12643,巢己,37,0,N
U12644,咯己,39,3,Y
U12645,咯己,51,3,Y
U12646,咯己,39,3,Y
U12647,咯己,50,2,Y
U12648,咯己,30,0,Y
U12649,咯己,25,3,Y
U12650,咯己,49,2,N
U12651,咯己,50,3,Y
U12652,巢己,37,2,Y
U12653,巢己,34,0,Y
U12654,巢己,25,0,Y
U12655,咯己,35,2,Y
U12656,巢己,37,2,Y
U12657,巢己,26,2,Y
U12658,咯己,33,1,N
U12659,咯己,34,2,Y
U12660,咯己,36,3,N
U12661,咯己,33,1,Y
U12662,咯己,50,2,Y
U12663,咯己,29,1,N
U12664,咯己,27,1,Y
U12665,咯己,46,0,Y
U12666,巢己,23,0,Y
U12667,巢己,55,3,Y
U12668,巢己,34,0,Y
U12669,咯己,36,3,Y
U12670,巢己,35,0,Y
U12671,巢己,22,0,N
U12672,咯己,32,0,Y
U12673,咯己,29,3,Y
U12674,咯己,23,2,Y
U12675,巢己,31,0,N
U12676,咯己,34,0,Y
U12677,咯己,28,2,Y
U12678,咯己,45,3,Y
U12679,巢己,23,3,N
U12680,巢己,35,1,Y
U12681,咯己,22,0,Y
U12682,巢己,28,0,N
U12683,咯己,22,0,N
U12684,巢己,26,2,Y
U12685,咯己,23,2,Y
U12686,咯己,33,2,Y
U12687,咯己,25,0,N
U12688,巢己,24,1,Y
U12689,咯己,21,3,N
U12690,咯己,35,2,Y
U12691,巢己,23,2,Y
U12692,巢己,40,1,Y
U12693,咯己,36,1,Y
U12694,咯己,34,3,Y
U12695,巢己,36,1,Y
U12696,咯己,36,2,N
U12697,巢己,40,1,N
U12698,咯己,32,2,Y
U12699,咯己,62,2,Y
U12700,巢己,55,1,Y
U12701,咯己,35,2,Y
U12702,巢己,30,2,Y
U12703,咯己,25,1,Y
U12704,咯己,43,3,Y
U12705,咯己,22,1,Y
U12706,咯己,22,0,Y
U12707,咯己,59,2,Y
U12708,咯己,32,1,Y
U12709,巢己,67,2,N
U12710,巢己,39,2,N
U12711,咯己,35,3,Y
U12712,咯己,37,2,Y
U12713,巢己,26,3,Y
U12714,咯己,27,2,Y
U12715,咯己,39,2,N
U12716,巢己,63,1,N
U12717,巢己,33,1,Y
U12718,咯己,34,3,Y
U12719,咯己,30,2,Y
U12720,巢己,22,2,N
U12721,咯己,32,3,Y
U12722,巢己,55,2,N
U12723,咯己,56,1,N
U12724,巢己,28,2,N
U12725,咯己,48,3,Y
U12726,巢己,36,0,Y
U12727,咯己,21,2,Y
U12728,咯己,31,1,Y
U12729,咯己,23,2,Y
U12730,咯己,22,2,Y
U12731,咯己,39,2,Y
U12732,巢己,37,0,Y
U12733,咯己,69,0,N
U12734,巢己,38,1,N
U12735,咯己,36,2,N
U12736,咯己,47,2,N
U12737,咯己,27,2,Y
U12738,咯己,43,3,Y
U12739,咯己,39,2,Y
U12740,咯己,24,2,Y
U12741,巢己,23,1,Y
U12742,咯己,39,3,Y
U12743,咯己,24,0,Y
U12744,巢己,38,1,N
U12745,巢己,26,0,N
U12746,巢己,35,2,Y
U12747,咯己,38,0,Y
U12748,咯己,25,2,Y
U12749,巢己,46,2,Y
U12750,巢己,42,2,Y
U12751,咯己,24,1,Y
U12752,巢己,43,2,N
U12753,巢己,27,2,Y
U12754,咯己,28,1,Y
U12755,咯己,30,1,Y
U12756,咯己,29,1,Y
U12757,咯己,34,2,N
U12758,咯己,36,2,Y
U12759,咯己,34,3,Y
U12760,巢己,39,3,N
U12761,咯己,36,3,Y
U12762,咯己,49,2,N
U12763,巢己,25,2,N
U12764,咯己,34,1,Y
U12765,咯己,22,1,Y
U12766,咯己,25,2,Y
U12767,巢己,22,0,Y
U12768,咯己,57,1,Y
U12769,咯己,21,2,Y
U12770,巢己,36,2,Y
U12771,巢己,27,2,N
U12772,巢己,39,1,Y
U12773,巢己,45,3,Y
U12774,咯己,50,2,Y
U12775,咯己,23,2,N
U12776,咯己,39,0,N
U12777,巢己,39,3,Y
U12778,咯己,32,0,Y
U12779,咯己,32,0,Y
U12780,巢己,25,0,Y
U12781,咯己,37,2,Y
U12782,咯己,31,3,Y
U12783,咯己,48,3,Y
U12784,咯己,45,2,Y
U12785,巢己,51,1,Y
U12786,咯己,32,3,Y
U12787,咯己,57,2,N
U12788,巢己,29,1,Y
U12789,巢己,28,1,Y
U12790,咯己,45,2,Y
U12791,咯己,67,1,Y
U12792,巢己,36,0,N
U12793,咯己,37,2,Y
U12794,咯己,23,3,N
U12795,咯己,28,1,N
U12796,巢己,26,3,Y
U12797,咯己,30,1,Y
U12798,咯己,22,2,N
U12799,咯己,58,2,Y
U12800,巢己,23,1,N
U12801,咯己,46,2,N
U12802,巢己,38,1,Y
U12803,巢己,38,1,Y
U12804,巢己,29,1,Y
U12805,巢己,40,2,Y
U12806,咯己,21,3,Y
U12807,咯己,28,1,Y
U12808,巢己,27,3,Y
U12809,巢己,35,2,N
U12810,巢己,38,2,N
U12811,巢己,36,1,Y
U12812,咯己,26,0,Y
U12813,咯己,21,0,Y
U12814,咯己,51,2,Y
U12815,咯己,46,0,N
U12816,咯己,31,1,Y
U12817,巢己,23,2,N
U12818,巢己,34,1,Y
U12819,咯己,56,2,Y
U12820,巢己,22,0,Y
U12821,咯己,54,1,Y
U12822,巢己,26,1,Y
U12823,巢己,59,1,Y
U12824,咯己,29,3,N
U12825,咯己,34,3,Y
U12826,咯己,49,3,Y
U12827,咯己,41,1,Y
U12828,咯己,32,3,Y
U12829,咯己,22,0,Y
U12830,咯己,47,2,Y
U12831,巢己,23,3,N
U12832,巢己,23,2,Y
U12833,咯己,34,3,Y
U12834,巢己,22,0,Y
U12835,巢己,44,2,Y
U12836,巢己,35,2,N
U12837,咯己,53,1,N
U12838,咯己,47,2,Y
U12839,巢己,34,1,Y
U12840,巢己,34,1,N
U12841,咯己,25,1,Y
U12842,咯己,43,2,N
U12843,巢己,24,0,N
U12844,巢己,43,3,Y
U12845,咯己,35,1,N
U12846,巢己,33,1,Y
U12847,巢己,33,1,N
U12848,巢己,23,1,Y
U12849,咯己,39,3,Y
U12850,巢己,34,2,N
U12851,咯己,56,1,Y
U12852,咯己,56,1,Y
U12853,咯己,37,2,Y
U12854,巢己,22,1,N
U12855,咯己,29,1,Y
U12856,巢己,38,3,N
U12857,巢己,42,3,Y
U12858,咯己,30,3,Y
U12859,咯己,35,2,Y
U12860,巢己,56,3,N
U12861,巢己,27,3,N
U12862,咯己,33,2,Y
U12863,巢己,36,2,Y
U12864,巢己,36,1,N
U12865,巢己,38,2,Y
U12866,巢己,33,1,Y
U12867,咯己,41,0,Y
U12868,咯己,38,3,Y
U12869,咯己,31,2,Y
U12870,咯己,32,0,Y
U12871,咯己,37,3,Y
U12872,咯己,25,2,Y
U12873,咯己,27,1,Y
U12874,巢己,25,2,N
U12875,咯己,26,2,Y
U12876,巢己,39,2,Y
U12877,巢己,39,1,N
U12878,巢己,28,1,Y
U12879,咯己,64,0,Y
U12880,巢己,39,3,N
U12881,咯己,33,2,Y
U12882,咯己,42,1,Y
U12883,咯己,29,1,Y
U12884,咯己,28,2,Y
U12885,咯己,21,2,N
U12886,咯己,43,2,N
U12887,巢己,28,2,N
U12888,巢己,45,1,N
U12889,巢己,29,3,Y
U12890,巢己,23,2,Y
U12891,巢己,49,0,Y
U12892,咯己,35,2,Y
U12893,巢己,39,2,Y
U12894,巢己,33,2,Y
U12895,咯己,21,3,Y
U12896,咯己,57,2,N
U12897,咯己,28,1,Y
U12898,巢己,29,3,N
U12899,巢己,30,2,N
U12900,咯己,25,2,Y
U12901,巢己,47,3,Y
U12902,巢己,33,0,N
U12903,巢己,57,2,Y
U12904,咯己,66,1,Y
U12905,咯己,55,2,Y
U12906,巢己,41,1,N
U12907,咯己,45,3,Y
U12908,巢己,29,3,N
U12909,咯己,27,2,Y
U12910,咯己,47,0,Y
U12911,巢己,35,2,Y
U12912,咯己,38,2,Y
U12913,巢己,55,1,Y
U12914,咯己,42,2,Y
U12915,咯己,51,2,Y
U12916,巢己,49,1,N
U12917,咯己,45,3,Y
U12918,巢己,35,0,Y
U12919,咯己,53,1,Y
U12920,咯己,34,2,Y
U12921,咯己,21,2,Y
U12922,巢己,34,2,N
U12923,咯己,34,2,Y
U12924,巢己,33,0,Y
U12925,咯己,24,3,Y
U12926,咯己,21,3,Y
U12927,巢己,38,2,N
U12928,巢己,29,1,Y
U12929,巢己,68,0,Y
U12930,咯己,40,3,N
U12931,咯己,43,2,Y
U12932,咯己,39,3,Y
U12933,巢己,48,1,N
U12934,咯己,52,0,N
U12935,巢己,25,1,Y
U12936,咯己,28,2,Y
U12937,咯己,56,1,Y
U12938,咯己,51,3,N
U12939,咯己,31,1,Y
U12940,咯己,52,3,Y
U12941,巢己,49,1,Y
U12942,咯己,26,2,Y
U12943,巢己,29,2,Y
U12944,巢己,36,0,Y
U12945,咯己,34,2,Y
U12946,巢己,48,2,Y
U12947,巢己,41,2,Y
U12948,咯己,38,1,N
U12949,巢己,25,1,Y
U12950,巢己,49,3,N
U12951,咯己,31,0,Y
U12952,咯己,35,2,Y
U12953,咯己,37,2,N
U12954,咯己,32,1,Y
U12955,咯己,37,2,Y
U12956,巢己,26,0,N
U12957,巢己,30,0,N
U12958,咯己,48,0,Y
U12959,咯己,23,1,Y
U12960,咯己,33,1,Y
U12961,巢己,33,1,N
U12962,咯己,46,2,Y
U12963,巢己,53,2,Y
U12964,咯己,27,1,Y
U12965,咯己,36,2,Y
U12966,巢己,25,0,N
U12967,巢己,39,3,N
U12968,咯己,46,3,Y
U12969,咯己,30,3,N
U12970,咯己,37,2,Y
U12971,巢己,24,2,N
U12972,咯己,24,1,Y
U12973,巢己,64,1,N
U12974,巢己,36,2,N
U12975,巢己,39,2,N
U12976,巢己,43,2,Y
U12977,咯己,50,2,Y
U12978,巢己,28,1,N
U12979,巢己,22,1,N
U12980,巢己,38,3,Y
U12981,咯己,34,1,Y
U12982,咯己,22,1,Y
U12983,咯己,51,3,N
U12984,咯己,69,0,N
U12985,巢己,30,0,N
U12986,咯己,22,2,Y
U12987,巢己,41,3,Y
U12988,巢己,57,2,Y
U12989,巢己,23,0,N
U12990,咯己,45,2,N
U12991,巢己,37,3,N
U12992,咯己,30,2,Y
U12993,咯己,67,0,Y
U12994,咯己,21,3,Y
U12995,咯己,31,3,N
U12996,咯己,66,2,N
U12997,巢己,24,2,Y
U12998,巢己,31,2,Y
U12999,咯己,32,1,Y
U13000,咯己,30,1,N
